,path,class
754,./dataset/Images/AF1001.jpg,5
767,./dataset/Images/AF1013.jpg,5
773,./dataset/Images/AF1019.jpg,1
780,./dataset/Images/AF1025.jpg,1
783,./dataset/Images/AF1028.jpg,1
787,./dataset/Images/AF1031.jpg,5
793,./dataset/Images/AF1037.jpg,1
795,./dataset/Images/AF1039.jpg,5
798,./dataset/Images/AF1041.jpg,1
800,./dataset/Images/AF1043.jpg,1
816,./dataset/Images/AF1058.jpg,5
825,./dataset/Images/AF1066.jpg,1
829,./dataset/Images/AF107.jpg,1
836,./dataset/Images/AF1076.jpg,1
837,./dataset/Images/AF1077.jpg,1
844,./dataset/Images/AF1083.jpg,5
845,./dataset/Images/AF1084.jpg,1
850,./dataset/Images/AF1089.jpg,1
851,./dataset/Images/AF109.jpg,1
857,./dataset/Images/AF1095.jpg,1
860,./dataset/Images/AF1098.jpg,1
865,./dataset/Images/AF1101.jpg,5
868,./dataset/Images/AF1104.jpg,5
869,./dataset/Images/AF1105.jpg,1
871,./dataset/Images/AF1107.jpg,5
872,./dataset/Images/AF1108.jpg,1
877,./dataset/Images/AF1112.jpg,5
882,./dataset/Images/AF1117.jpg,1
883,./dataset/Images/AF1118.jpg,1
887,./dataset/Images/AF1121.jpg,1
892,./dataset/Images/AF1126.jpg,1
907,./dataset/Images/AF114.jpg,1
911,./dataset/Images/AF1143.jpg,1
913,./dataset/Images/AF1145.jpg,1
927,./dataset/Images/AF1158.jpg,5
928,./dataset/Images/AF1159.jpg,5
931,./dataset/Images/AF1161.jpg,1
940,./dataset/Images/AF117.jpg,1
941,./dataset/Images/AF1170.jpg,5
943,./dataset/Images/AF1172.jpg,5
944,./dataset/Images/AF1173.jpg,1
945,./dataset/Images/AF1174.jpg,5
946,./dataset/Images/AF1175.jpg,5
947,./dataset/Images/AF1176.jpg,1
951,./dataset/Images/AF118.jpg,1
953,./dataset/Images/AF1181.jpg,1
956,./dataset/Images/AF1184.jpg,1
959,./dataset/Images/AF1187.jpg,5
963,./dataset/Images/AF1190.jpg,1
973,./dataset/Images/AF12.jpg,1
980,./dataset/Images/AF1205.jpg,5
983,./dataset/Images/AF1208.jpg,5
987,./dataset/Images/AF1211.jpg,5
1000,./dataset/Images/AF1223.jpg,1
1001,./dataset/Images/AF1224.jpg,5
1007,./dataset/Images/AF123.jpg,1
1013,./dataset/Images/AF1235.jpg,1
1022,./dataset/Images/AF1243.jpg,1
1026,./dataset/Images/AF1247.jpg,5
1030,./dataset/Images/AF1250.jpg,1
1033,./dataset/Images/AF1253.jpg,5
1037,./dataset/Images/AF1257.jpg,5
1042,./dataset/Images/AF1261.jpg,5
1045,./dataset/Images/AF1264.jpg,1
1055,./dataset/Images/AF1273.jpg,1
1074,./dataset/Images/AF1290.jpg,1
1075,./dataset/Images/AF1291.jpg,5
1079,./dataset/Images/AF1295.jpg,5
1082,./dataset/Images/AF1298.jpg,5
1095,./dataset/Images/AF1309.jpg,5
1104,./dataset/Images/AF1317.jpg,5
1105,./dataset/Images/AF1318.jpg,5
1108,./dataset/Images/AF1320.jpg,5
1120,./dataset/Images/AF1331.jpg,5
1122,./dataset/Images/AF1333.jpg,5
1131,./dataset/Images/AF1341.jpg,1
1132,./dataset/Images/AF1342.jpg,5
1134,./dataset/Images/AF1344.jpg,5
1141,./dataset/Images/AF1350.jpg,1
1151,./dataset/Images/AF136.jpg,1
1159,./dataset/Images/AF1367.jpg,5
1164,./dataset/Images/AF1371.jpg,5
1174,./dataset/Images/AF1380.jpg,1
1181,./dataset/Images/AF1387.jpg,5
1185,./dataset/Images/AF1390.jpg,5
1187,./dataset/Images/AF1392.jpg,5
1193,./dataset/Images/AF1398.jpg,1
1195,./dataset/Images/AF14.jpg,1
1196,./dataset/Images/AF140.jpg,1
1207,./dataset/Images/AF141.jpg,1
1213,./dataset/Images/AF1415.jpg,1
1240,./dataset/Images/AF144.jpg,1
1245,./dataset/Images/AF1444.jpg,5
1246,./dataset/Images/AF1445.jpg,5
1255,./dataset/Images/AF1453.jpg,1
1257,./dataset/Images/AF1455.jpg,1
1258,./dataset/Images/AF1456.jpg,5
1271,./dataset/Images/AF1468.jpg,5
1279,./dataset/Images/AF1475.jpg,1
1284,./dataset/Images/AF148.jpg,1
1292,./dataset/Images/AF1487.jpg,1
1297,./dataset/Images/AF1491.jpg,5
1302,./dataset/Images/AF1496.jpg,5
1307,./dataset/Images/AF150.jpg,1
1308,./dataset/Images/AF1500.jpg,5
1317,./dataset/Images/AF1509.jpg,1
1318,./dataset/Images/AF151.jpg,1
1323,./dataset/Images/AF1514.jpg,5
1332,./dataset/Images/AF1522.jpg,1
1340,./dataset/Images/AF153.jpg,1
1344,./dataset/Images/AF1533.jpg,5
1350,./dataset/Images/AF1539.jpg,1
1352,./dataset/Images/AF1540.jpg,1
1357,./dataset/Images/AF1545.jpg,5
1359,./dataset/Images/AF1547.jpg,5
1367,./dataset/Images/AF1554.jpg,5
1377,./dataset/Images/AF1563.jpg,5
1381,./dataset/Images/AF1567.jpg,5
1387,./dataset/Images/AF1572.jpg,5
1395,./dataset/Images/AF158.jpg,1
1398,./dataset/Images/AF1582.jpg,5
1407,./dataset/Images/AF1590.jpg,1
1409,./dataset/Images/AF1592.jpg,5
1412,./dataset/Images/AF1595.jpg,5
1417,./dataset/Images/AF16.jpg,1
1420,./dataset/Images/AF1601.jpg,5
1429,./dataset/Images/AF161.jpg,1
1430,./dataset/Images/AF1610.jpg,5
1439,./dataset/Images/AF1619.jpg,1
1453,./dataset/Images/AF1631.jpg,1
1455,./dataset/Images/AF1633.jpg,1
1464,./dataset/Images/AF1641.jpg,1
1467,./dataset/Images/AF1644.jpg,5
1469,./dataset/Images/AF1646.jpg,5
1475,./dataset/Images/AF1651.jpg,1
1480,./dataset/Images/AF1656.jpg,5
1502,./dataset/Images/AF1676.jpg,5
1510,./dataset/Images/AF1683.jpg,5
1511,./dataset/Images/AF1684.jpg,5
1515,./dataset/Images/AF1688.jpg,5
1534,./dataset/Images/AF1704.jpg,1
1551,./dataset/Images/AF172.jpg,1
1558,./dataset/Images/AF1726.jpg,5
1565,./dataset/Images/AF1732.jpg,5
1568,./dataset/Images/AF1735.jpg,5
1573,./dataset/Images/AF174.jpg,1
1585,./dataset/Images/AF1750.jpg,1
1596,./dataset/Images/AF1760.jpg,1
1604,./dataset/Images/AF1768.jpg,1
1606,./dataset/Images/AF177.jpg,1
1608,./dataset/Images/AF1771.jpg,1
1612,./dataset/Images/AF1775.jpg,5
1615,./dataset/Images/AF1778.jpg,1
1624,./dataset/Images/AF1786.jpg,5
1625,./dataset/Images/AF1787.jpg,5
1626,./dataset/Images/AF1788.jpg,5
1628,./dataset/Images/AF179.jpg,1
1629,./dataset/Images/AF1790.jpg,1
1647,./dataset/Images/AF1806.jpg,5
1656,./dataset/Images/AF1814.jpg,1
1658,./dataset/Images/AF1816.jpg,5
1662,./dataset/Images/AF182.jpg,1
1663,./dataset/Images/AF1820.jpg,1
1667,./dataset/Images/AF1824.jpg,1
1673,./dataset/Images/AF183.jpg,1
1677,./dataset/Images/AF1833.jpg,5
1681,./dataset/Images/AF1837.jpg,5
1685,./dataset/Images/AF1840.jpg,1
1686,./dataset/Images/AF1841.jpg,1
1689,./dataset/Images/AF1844.jpg,5
1690,./dataset/Images/AF1845.jpg,1
1695,./dataset/Images/AF185.jpg,1
1699,./dataset/Images/AF1853.jpg,1
1700,./dataset/Images/AF1854.jpg,5
1702,./dataset/Images/AF1856.jpg,5
1703,./dataset/Images/AF1857.jpg,5
1705,./dataset/Images/AF1859.jpg,1
1706,./dataset/Images/AF186.jpg,1
1708,./dataset/Images/AF1861.jpg,5
1712,./dataset/Images/AF1865.jpg,1
1713,./dataset/Images/AF1866.jpg,1
1721,./dataset/Images/AF1873.jpg,1
1723,./dataset/Images/AF1875.jpg,1
1725,./dataset/Images/AF1877.jpg,5
1739,./dataset/Images/AF189.jpg,1
1740,./dataset/Images/AF1890.jpg,1
1741,./dataset/Images/AF1891.jpg,5
1744,./dataset/Images/AF1894.jpg,5
1773,./dataset/Images/AF192.jpg,1
1775,./dataset/Images/AF1921.jpg,1
1780,./dataset/Images/AF1926.jpg,5
1781,./dataset/Images/AF1927.jpg,5
1784,./dataset/Images/AF193.jpg,1
1786,./dataset/Images/AF1931.jpg,1
1787,./dataset/Images/AF1932.jpg,1
1790,./dataset/Images/AF1935.jpg,1
1802,./dataset/Images/AF1946.jpg,1
1815,./dataset/Images/AF1958.jpg,5
1816,./dataset/Images/AF1959.jpg,1
1823,./dataset/Images/AF1965.jpg,1
1825,./dataset/Images/AF1967.jpg,1
1826,./dataset/Images/AF1968.jpg,1
1828,./dataset/Images/AF197.jpg,1
1831,./dataset/Images/AF1972.jpg,5
1832,./dataset/Images/AF1973.jpg,5
1833,./dataset/Images/AF1974.jpg,1
1834,./dataset/Images/AF1975.jpg,1
1835,./dataset/Images/AF1976.jpg,1
1838,./dataset/Images/AF1979.jpg,1
1843,./dataset/Images/AF1983.jpg,5
1845,./dataset/Images/AF1985.jpg,5
1846,./dataset/Images/AF1986.jpg,1
1848,./dataset/Images/AF1988.jpg,1
1852,./dataset/Images/AF1991.jpg,1
1856,./dataset/Images/AF1995.jpg,1
1857,./dataset/Images/AF1996.jpg,1
1858,./dataset/Images/AF1997.jpg,1
1863,./dataset/Images/AF200.jpg,1
1876,./dataset/Images/AF211.jpg,1
1880,./dataset/Images/AF215.jpg,1
1883,./dataset/Images/AF218.jpg,1
1885,./dataset/Images/AF22.jpg,1
1899,./dataset/Images/AF232.jpg,1
1909,./dataset/Images/AF241.jpg,1
1916,./dataset/Images/AF248.jpg,1
1918,./dataset/Images/AF25.jpg,1
1924,./dataset/Images/AF255.jpg,1
1927,./dataset/Images/AF258.jpg,1
1928,./dataset/Images/AF259.jpg,1
1930,./dataset/Images/AF260.jpg,1
1931,./dataset/Images/AF261.jpg,1
1934,./dataset/Images/AF264.jpg,1
1935,./dataset/Images/AF265.jpg,1
1937,./dataset/Images/AF267.jpg,1
1941,./dataset/Images/AF270.jpg,1
1944,./dataset/Images/AF273.jpg,1
1947,./dataset/Images/AF276.jpg,1
1951,./dataset/Images/AF28.jpg,1
1959,./dataset/Images/AF287.jpg,1
1964,./dataset/Images/AF291.jpg,1
1968,./dataset/Images/AF295.jpg,1
1972,./dataset/Images/AF299.jpg,1
1973,./dataset/Images/AF3.jpg,5
1980,./dataset/Images/AF305.jpg,1
1982,./dataset/Images/AF307.jpg,1
1988,./dataset/Images/AF312.jpg,1
1990,./dataset/Images/AF314.jpg,1
1992,./dataset/Images/AF316.jpg,1
1994,./dataset/Images/AF318.jpg,1
1997,./dataset/Images/AF320.jpg,1
1999,./dataset/Images/AF322.jpg,1
2009,./dataset/Images/AF331.jpg,1
2010,./dataset/Images/AF332.jpg,1
2013,./dataset/Images/AF335.jpg,1
2015,./dataset/Images/AF337.jpg,1
2019,./dataset/Images/AF340.jpg,1
2020,./dataset/Images/AF341.jpg,1
2024,./dataset/Images/AF345.jpg,1
2026,./dataset/Images/AF347.jpg,1
2027,./dataset/Images/AF348.jpg,1
2029,./dataset/Images/AF35.jpg,1
2031,./dataset/Images/AF351.jpg,1
2033,./dataset/Images/AF353.jpg,1
2039,./dataset/Images/AF359.jpg,1
2043,./dataset/Images/AF362.jpg,1
2046,./dataset/Images/AF365.jpg,1
2051,./dataset/Images/AF37.jpg,1
2053,./dataset/Images/AF371.jpg,1
2054,./dataset/Images/AF372.jpg,1
2055,./dataset/Images/AF373.jpg,1
2058,./dataset/Images/AF376.jpg,1
2059,./dataset/Images/AF377.jpg,1
2062,./dataset/Images/AF38.jpg,1
2065,./dataset/Images/AF382.jpg,1
2066,./dataset/Images/AF383.jpg,1
2067,./dataset/Images/AF384.jpg,1
2068,./dataset/Images/AF385.jpg,1
2071,./dataset/Images/AF388.jpg,1
2075,./dataset/Images/AF391.jpg,1
2080,./dataset/Images/AF396.jpg,1
2082,./dataset/Images/AF398.jpg,5
2083,./dataset/Images/AF399.jpg,1
2087,./dataset/Images/AF401.jpg,1
2097,./dataset/Images/AF410.jpg,1
2098,./dataset/Images/AF411.jpg,1
2100,./dataset/Images/AF413.jpg,1
2103,./dataset/Images/AF416.jpg,1
2115,./dataset/Images/AF427.jpg,1
2118,./dataset/Images/AF43.jpg,1
2124,./dataset/Images/AF435.jpg,1
2127,./dataset/Images/AF438.jpg,1
2133,./dataset/Images/AF443.jpg,1
2139,./dataset/Images/AF449.jpg,1
2146,./dataset/Images/AF455.jpg,1
2151,./dataset/Images/AF46.jpg,1
2155,./dataset/Images/AF463.jpg,1
2157,./dataset/Images/AF465.jpg,1
2160,./dataset/Images/AF468.jpg,1
2168,./dataset/Images/AF475.jpg,1
2173,./dataset/Images/AF48.jpg,1
2175,./dataset/Images/AF481.jpg,1
2176,./dataset/Images/AF482.jpg,1
2183,./dataset/Images/AF489.jpg,1
2184,./dataset/Images/AF49.jpg,1
2185,./dataset/Images/AF490.jpg,1
2191,./dataset/Images/AF496.jpg,1
2195,./dataset/Images/AF5.jpg,1
2200,./dataset/Images/AF503.jpg,5
2202,./dataset/Images/AF505.jpg,1
2205,./dataset/Images/AF508.jpg,1
2212,./dataset/Images/AF514.jpg,1
2218,./dataset/Images/AF52.jpg,1
2219,./dataset/Images/AF520.jpg,1
2224,./dataset/Images/AF525.jpg,1
2229,./dataset/Images/AF53.jpg,1
2232,./dataset/Images/AF532.jpg,1
2234,./dataset/Images/AF534.jpg,1
2236,./dataset/Images/AF536.jpg,1
2240,./dataset/Images/AF54.jpg,1
2245,./dataset/Images/AF544.jpg,1
2247,./dataset/Images/AF546.jpg,1
2251,./dataset/Images/AF55.jpg,1
2263,./dataset/Images/AF560.jpg,1
2269,./dataset/Images/AF566.jpg,1
2280,./dataset/Images/AF576.jpg,1
2292,./dataset/Images/AF587.jpg,1
2294,./dataset/Images/AF589.jpg,1
2295,./dataset/Images/AF59.jpg,1
2298,./dataset/Images/AF592.jpg,5
2300,./dataset/Images/AF594.jpg,1
2301,./dataset/Images/AF595.jpg,1
2306,./dataset/Images/AF6.jpg,1
2307,./dataset/Images/AF60.jpg,1
2317,./dataset/Images/AF609.jpg,1
2318,./dataset/Images/AF61.jpg,1
2322,./dataset/Images/AF613.jpg,1
2323,./dataset/Images/AF614.jpg,1
2325,./dataset/Images/AF616.jpg,1
2337,./dataset/Images/AF627.jpg,1
2340,./dataset/Images/AF63.jpg,1
2351,./dataset/Images/AF64.jpg,1
2373,./dataset/Images/AF66.jpg,1
2381,./dataset/Images/AF667.jpg,1
2382,./dataset/Images/AF668.jpg,1
2385,./dataset/Images/AF670.jpg,1
2389,./dataset/Images/AF674.jpg,1
2396,./dataset/Images/AF680.jpg,1
2404,./dataset/Images/AF688.jpg,1
2411,./dataset/Images/AF694.jpg,1
2412,./dataset/Images/AF695.jpg,5
2415,./dataset/Images/AF698.jpg,1
2419,./dataset/Images/AF700.jpg,1
2425,./dataset/Images/AF706.jpg,1
2426,./dataset/Images/AF707.jpg,1
2430,./dataset/Images/AF710.jpg,1
2435,./dataset/Images/AF715.jpg,5
2436,./dataset/Images/AF716.jpg,1
2437,./dataset/Images/AF717.jpg,1
2440,./dataset/Images/AF72.jpg,1
2441,./dataset/Images/AF720.jpg,5
2449,./dataset/Images/AF728.jpg,1
2458,./dataset/Images/AF736.jpg,1
2459,./dataset/Images/AF737.jpg,1
2462,./dataset/Images/AF74.jpg,1
2463,./dataset/Images/AF740.jpg,1
2467,./dataset/Images/AF744.jpg,1
2470,./dataset/Images/AF747.jpg,1
2476,./dataset/Images/AF752.jpg,1
2480,./dataset/Images/AF756.jpg,1
2481,./dataset/Images/AF757.jpg,1
2483,./dataset/Images/AF759.jpg,1
2486,./dataset/Images/AF761.jpg,1
2514,./dataset/Images/AF787.jpg,1
2515,./dataset/Images/AF788.jpg,1
2516,./dataset/Images/AF789.jpg,1
2530,./dataset/Images/AF800.jpg,1
2535,./dataset/Images/AF805.jpg,1
2538,./dataset/Images/AF808.jpg,1
2540,./dataset/Images/AF81.jpg,1
2546,./dataset/Images/AF815.jpg,1
2551,./dataset/Images/AF82.jpg,1
2553,./dataset/Images/AF821.jpg,1
2561,./dataset/Images/AF829.jpg,1
2564,./dataset/Images/AF831.jpg,1
2575,./dataset/Images/AF841.jpg,1
2580,./dataset/Images/AF846.jpg,1
2595,./dataset/Images/AF86.jpg,1
2598,./dataset/Images/AF862.jpg,5
2602,./dataset/Images/AF866.jpg,1
2617,./dataset/Images/AF88.jpg,1
2624,./dataset/Images/AF886.jpg,1
2625,./dataset/Images/AF887.jpg,1
2636,./dataset/Images/AF897.jpg,5
2637,./dataset/Images/AF898.jpg,5
2639,./dataset/Images/AF9.jpg,1
2640,./dataset/Images/AF90.jpg,1
2646,./dataset/Images/AF905.jpg,5
2653,./dataset/Images/AF911.jpg,1
2655,./dataset/Images/AF913.jpg,1
2659,./dataset/Images/AF917.jpg,1
2662,./dataset/Images/AF92.jpg,1
2664,./dataset/Images/AF921.jpg,5
2665,./dataset/Images/AF922.jpg,1
2668,./dataset/Images/AF925.jpg,1
2672,./dataset/Images/AF929.jpg,5
2682,./dataset/Images/AF938.jpg,5
2683,./dataset/Images/AF939.jpg,1
2686,./dataset/Images/AF941.jpg,1
2687,./dataset/Images/AF942.jpg,5
2689,./dataset/Images/AF944.jpg,5
2707,./dataset/Images/AF960.jpg,1
2718,./dataset/Images/AF970.jpg,1
2719,./dataset/Images/AF971.jpg,5
2720,./dataset/Images/AF972.jpg,5
2724,./dataset/Images/AF976.jpg,5
2726,./dataset/Images/AF978.jpg,1
2734,./dataset/Images/AF985.jpg,1
2735,./dataset/Images/AF986.jpg,1
2740,./dataset/Images/AF990.jpg,1
6253,./dataset/Images/AF1000.jpg,5
6302,./dataset/Images/AF1045.jpg,5
6322,./dataset/Images/AF1063.jpg,5
6335,./dataset/Images/AF1075.jpg,5
6341,./dataset/Images/AF1080.jpg,5
6361,./dataset/Images/AF1099.jpg,5
6380,./dataset/Images/AF1115.jpg,5
6395,./dataset/Images/AF1129.jpg,5
6432,./dataset/Images/AF1162.jpg,5
6437,./dataset/Images/AF1167.jpg,5
6464,./dataset/Images/AF1191.jpg,5
6472,./dataset/Images/AF1199.jpg,5
6498,./dataset/Images/AF1221.jpg,5
6509,./dataset/Images/AF1231.jpg,5
6514,./dataset/Images/AF1236.jpg,5
6523,./dataset/Images/AF1244.jpg,5
6528,./dataset/Images/AF1249.jpg,5
6534,./dataset/Images/AF1254.jpg,5
6535,./dataset/Images/AF1255.jpg,5
6552,./dataset/Images/AF1270.jpg,5
6566,./dataset/Images/AF1283.jpg,5
6568,./dataset/Images/AF1285.jpg,5
6603,./dataset/Images/AF1316.jpg,5
6606,./dataset/Images/AF1319.jpg,5
6633,./dataset/Images/AF1343.jpg,5
6648,./dataset/Images/AF1357.jpg,5
6650,./dataset/Images/AF1359.jpg,5
6653,./dataset/Images/AF1361.jpg,5
6656,./dataset/Images/AF1364.jpg,5
6657,./dataset/Images/AF1365.jpg,5
6700,./dataset/Images/AF1403.jpg,5
6706,./dataset/Images/AF1409.jpg,5
6737,./dataset/Images/AF1437.jpg,5
6747,./dataset/Images/AF1446.jpg,5
6753,./dataset/Images/AF1451.jpg,5
6780,./dataset/Images/AF1476.jpg,5
6781,./dataset/Images/AF1477.jpg,5
6828,./dataset/Images/AF1519.jpg,5
6845,./dataset/Images/AF1534.jpg,5
6868,./dataset/Images/AF1555.jpg,5
6872,./dataset/Images/AF1559.jpg,5
6897,./dataset/Images/AF1581.jpg,5
6937,./dataset/Images/AF1617.jpg,5
6942,./dataset/Images/AF1621.jpg,5
6949,./dataset/Images/AF1628.jpg,5
6993,./dataset/Images/AF1668.jpg,5
6994,./dataset/Images/AF1669.jpg,5
7001,./dataset/Images/AF1675.jpg,5
7012,./dataset/Images/AF1685.jpg,5
7033,./dataset/Images/AF1703.jpg,5
7056,./dataset/Images/AF1724.jpg,5
7074,./dataset/Images/AF1740.jpg,5
7087,./dataset/Images/AF1752.jpg,5
7102,./dataset/Images/AF1766.jpg,5
7132,./dataset/Images/AF1793.jpg,5
7155,./dataset/Images/AF1813.jpg,5
7168,./dataset/Images/AF1825.jpg,5
7192,./dataset/Images/AF1847.jpg,5
7214,./dataset/Images/AF1867.jpg,5
7236,./dataset/Images/AF1887.jpg,5
7242,./dataset/Images/AF1892.jpg,5
7294,./dataset/Images/AF1939.jpg,5
7336,./dataset/Images/AF1977.jpg,5
7354,./dataset/Images/AF1993.jpg,5
7378,./dataset/Images/AF213.jpg,5
7412,./dataset/Images/AF244.jpg,5
7596,./dataset/Images/AF41.jpg,5
7644,./dataset/Images/AF453.jpg,5
7663,./dataset/Images/AF470.jpg,5
7739,./dataset/Images/AF539.jpg,5
7764,./dataset/Images/AF561.jpg,5
7811,./dataset/Images/AF603.jpg,5
7898,./dataset/Images/AF682.jpg,5
7960,./dataset/Images/AF738.jpg,5
7974,./dataset/Images/AF750.jpg,5
7977,./dataset/Images/AF753.jpg,5
8010,./dataset/Images/AF783.jpg,5
8026,./dataset/Images/AF798.jpg,5
8049,./dataset/Images/AF818.jpg,5
8071,./dataset/Images/AF838.jpg,5
8105,./dataset/Images/AF869.jpg,5
8169,./dataset/Images/AF926.jpg,5
8171,./dataset/Images/AF928.jpg,5
8174,./dataset/Images/AF930.jpg,5
8201,./dataset/Images/AF955.jpg,5
8210,./dataset/Images/AF963.jpg,5
8225,./dataset/Images/AF977.jpg,5
11758,./dataset/Images/AF1005.jpg,1
11761,./dataset/Images/AF1008.jpg,1
11768,./dataset/Images/AF1014.jpg,5
11771,./dataset/Images/AF1017.jpg,5
11772,./dataset/Images/AF1018.jpg,5
11778,./dataset/Images/AF1023.jpg,5
11782,./dataset/Images/AF1027.jpg,5
11797,./dataset/Images/AF1040.jpg,1
11803,./dataset/Images/AF1046.jpg,1
11804,./dataset/Images/AF1047.jpg,5
11814,./dataset/Images/AF1056.jpg,5
11821,./dataset/Images/AF1062.jpg,5
11824,./dataset/Images/AF1065.jpg,5
11846,./dataset/Images/AF1085.jpg,1
11847,./dataset/Images/AF1086.jpg,5
11856,./dataset/Images/AF1094.jpg,5
11875,./dataset/Images/AF1110.jpg,5
11890,./dataset/Images/AF1124.jpg,5
11908,./dataset/Images/AF1140.jpg,5
11917,./dataset/Images/AF1149.jpg,5
11923,./dataset/Images/AF1154.jpg,5
11929,./dataset/Images/AF116.jpg,1
11930,./dataset/Images/AF1160.jpg,5
11942,./dataset/Images/AF1171.jpg,5
11962,./dataset/Images/AF119.jpg,1
11967,./dataset/Images/AF1194.jpg,5
11970,./dataset/Images/AF1197.jpg,5
11985,./dataset/Images/AF121.jpg,1
12020,./dataset/Images/AF1241.jpg,5
12041,./dataset/Images/AF1260.jpg,5
12043,./dataset/Images/AF1262.jpg,5
12046,./dataset/Images/AF1265.jpg,5
12049,./dataset/Images/AF1268.jpg,5
12050,./dataset/Images/AF1269.jpg,5
12057,./dataset/Images/AF1275.jpg,5
12058,./dataset/Images/AF1276.jpg,1
12060,./dataset/Images/AF1278.jpg,5
12062,./dataset/Images/AF128.jpg,5
12063,./dataset/Images/AF1280.jpg,5
12071,./dataset/Images/AF1288.jpg,5
12077,./dataset/Images/AF1293.jpg,5
12078,./dataset/Images/AF1294.jpg,1
12090,./dataset/Images/AF1304.jpg,1
12094,./dataset/Images/AF1308.jpg,5
12109,./dataset/Images/AF1321.jpg,1
12121,./dataset/Images/AF1332.jpg,1
12124,./dataset/Images/AF1335.jpg,5
12135,./dataset/Images/AF1345.jpg,5
12136,./dataset/Images/AF1346.jpg,5
12138,./dataset/Images/AF1348.jpg,5
12146,./dataset/Images/AF1355.jpg,5
12176,./dataset/Images/AF1382.jpg,5
12177,./dataset/Images/AF1383.jpg,1
12178,./dataset/Images/AF1384.jpg,5
12179,./dataset/Images/AF1385.jpg,5
12182,./dataset/Images/AF1388.jpg,5
12184,./dataset/Images/AF139.jpg,1
12191,./dataset/Images/AF1396.jpg,5
12198,./dataset/Images/AF1401.jpg,5
12199,./dataset/Images/AF1402.jpg,5
12202,./dataset/Images/AF1405.jpg,5
12205,./dataset/Images/AF1408.jpg,5
12211,./dataset/Images/AF1413.jpg,5
12218,./dataset/Images/AF142.jpg,1
12224,./dataset/Images/AF1425.jpg,5
12225,./dataset/Images/AF1426.jpg,5
12227,./dataset/Images/AF1428.jpg,5
12229,./dataset/Images/AF143.jpg,1
12241,./dataset/Images/AF1440.jpg,5
12248,./dataset/Images/AF1447.jpg,5
12249,./dataset/Images/AF1448.jpg,5
12267,./dataset/Images/AF1464.jpg,5
12278,./dataset/Images/AF1474.jpg,5
12286,./dataset/Images/AF1481.jpg,5
12289,./dataset/Images/AF1484.jpg,5
12291,./dataset/Images/AF1486.jpg,5
12293,./dataset/Images/AF1488.jpg,5
12295,./dataset/Images/AF149.jpg,1
12304,./dataset/Images/AF1498.jpg,5
12319,./dataset/Images/AF1510.jpg,5
12322,./dataset/Images/AF1513.jpg,5
12331,./dataset/Images/AF1521.jpg,5
12335,./dataset/Images/AF1525.jpg,5
12336,./dataset/Images/AF1526.jpg,5
12337,./dataset/Images/AF1527.jpg,5
12347,./dataset/Images/AF1536.jpg,5
12349,./dataset/Images/AF1538.jpg,5
12360,./dataset/Images/AF1548.jpg,5
12361,./dataset/Images/AF1549.jpg,1
12371,./dataset/Images/AF1558.jpg,5
12373,./dataset/Images/AF156.jpg,1
12375,./dataset/Images/AF1561.jpg,5
12378,./dataset/Images/AF1564.jpg,5
12382,./dataset/Images/AF1568.jpg,5
12386,./dataset/Images/AF1571.jpg,5
12399,./dataset/Images/AF1583.jpg,5
12400,./dataset/Images/AF1584.jpg,5
12418,./dataset/Images/AF160.jpg,1
12424,./dataset/Images/AF1605.jpg,5
12432,./dataset/Images/AF1612.jpg,5
12434,./dataset/Images/AF1614.jpg,1
12440,./dataset/Images/AF162.jpg,1
12443,./dataset/Images/AF1622.jpg,5
12446,./dataset/Images/AF1625.jpg,1
12456,./dataset/Images/AF1634.jpg,5
12457,./dataset/Images/AF1635.jpg,5
12459,./dataset/Images/AF1637.jpg,5
12466,./dataset/Images/AF1643.jpg,5
12476,./dataset/Images/AF1652.jpg,5
12492,./dataset/Images/AF1667.jpg,5
12495,./dataset/Images/AF167.jpg,1
12509,./dataset/Images/AF1682.jpg,5
12516,./dataset/Images/AF1689.jpg,5
12517,./dataset/Images/AF169.jpg,1
12520,./dataset/Images/AF1692.jpg,5
12522,./dataset/Images/AF1694.jpg,5
12523,./dataset/Images/AF1695.jpg,5
12524,./dataset/Images/AF1696.jpg,5
12542,./dataset/Images/AF1711.jpg,5
12548,./dataset/Images/AF1717.jpg,5
12555,./dataset/Images/AF1723.jpg,5
12557,./dataset/Images/AF1725.jpg,1
12563,./dataset/Images/AF1730.jpg,5
12566,./dataset/Images/AF1733.jpg,5
12567,./dataset/Images/AF1734.jpg,5
12572,./dataset/Images/AF1739.jpg,1
12575,./dataset/Images/AF1741.jpg,5
12590,./dataset/Images/AF1755.jpg,5
12597,./dataset/Images/AF1761.jpg,5
12598,./dataset/Images/AF1762.jpg,5
12617,./dataset/Images/AF178.jpg,1
12619,./dataset/Images/AF1781.jpg,5
12635,./dataset/Images/AF1796.jpg,1
12638,./dataset/Images/AF1799.jpg,5
12641,./dataset/Images/AF1800.jpg,5
12649,./dataset/Images/AF1808.jpg,5
12666,./dataset/Images/AF1823.jpg,5
12669,./dataset/Images/AF1826.jpg,5
12670,./dataset/Images/AF1827.jpg,5
12671,./dataset/Images/AF1828.jpg,5
12674,./dataset/Images/AF1830.jpg,5
12683,./dataset/Images/AF1839.jpg,5
12687,./dataset/Images/AF1842.jpg,5
12696,./dataset/Images/AF1850.jpg,5
12737,./dataset/Images/AF1888.jpg,5
12745,./dataset/Images/AF1895.jpg,5
12747,./dataset/Images/AF1897.jpg,5
12751,./dataset/Images/AF190.jpg,1
12753,./dataset/Images/AF1901.jpg,5
12755,./dataset/Images/AF1903.jpg,5
12760,./dataset/Images/AF1908.jpg,5
12762,./dataset/Images/AF191.jpg,1
12763,./dataset/Images/AF1910.jpg,5
12777,./dataset/Images/AF1923.jpg,1
12810,./dataset/Images/AF1953.jpg,1
12812,./dataset/Images/AF1955.jpg,5
12818,./dataset/Images/AF1960.jpg,1
12837,./dataset/Images/AF1978.jpg,5
12847,./dataset/Images/AF1987.jpg,1
12849,./dataset/Images/AF1989.jpg,5
12851,./dataset/Images/AF1990.jpg,5
12867,./dataset/Images/AF203.jpg,5
12875,./dataset/Images/AF210.jpg,1
12884,./dataset/Images/AF219.jpg,1
12887,./dataset/Images/AF221.jpg,1
12891,./dataset/Images/AF225.jpg,5
12929,./dataset/Images/AF26.jpg,1
12932,./dataset/Images/AF262.jpg,1
12946,./dataset/Images/AF275.jpg,1
12961,./dataset/Images/AF289.jpg,1
12970,./dataset/Images/AF297.jpg,5
12979,./dataset/Images/AF304.jpg,1
12993,./dataset/Images/AF317.jpg,5
13000,./dataset/Images/AF323.jpg,1
13017,./dataset/Images/AF339.jpg,1
13025,./dataset/Images/AF346.jpg,1
13038,./dataset/Images/AF358.jpg,5
13040,./dataset/Images/AF36.jpg,1
13044,./dataset/Images/AF363.jpg,1
13052,./dataset/Images/AF370.jpg,1
13057,./dataset/Images/AF375.jpg,1
13079,./dataset/Images/AF395.jpg,5
13091,./dataset/Images/AF405.jpg,1
13095,./dataset/Images/AF409.jpg,5
13101,./dataset/Images/AF414.jpg,1
13102,./dataset/Images/AF415.jpg,1
13125,./dataset/Images/AF436.jpg,1
13135,./dataset/Images/AF445.jpg,1
13137,./dataset/Images/AF447.jpg,5
13143,./dataset/Images/AF452.jpg,1
13166,./dataset/Images/AF473.jpg,1
13178,./dataset/Images/AF484.jpg,5
13187,./dataset/Images/AF492.jpg,5
13189,./dataset/Images/AF494.jpg,1
13192,./dataset/Images/AF497.jpg,1
13208,./dataset/Images/AF510.jpg,5
13216,./dataset/Images/AF518.jpg,1
13221,./dataset/Images/AF522.jpg,1
13222,./dataset/Images/AF523.jpg,1
13246,./dataset/Images/AF545.jpg,5
13250,./dataset/Images/AF549.jpg,1
13258,./dataset/Images/AF556.jpg,1
13260,./dataset/Images/AF558.jpg,1
13273,./dataset/Images/AF57.jpg,1
13282,./dataset/Images/AF578.jpg,1
13283,./dataset/Images/AF579.jpg,1
13291,./dataset/Images/AF586.jpg,5
13316,./dataset/Images/AF608.jpg,1
13319,./dataset/Images/AF610.jpg,1
13332,./dataset/Images/AF622.jpg,1
13343,./dataset/Images/AF632.jpg,1
13363,./dataset/Images/AF650.jpg,1
13392,./dataset/Images/AF677.jpg,1
13401,./dataset/Images/AF685.jpg,5
13409,./dataset/Images/AF692.jpg,1
13413,./dataset/Images/AF696.jpg,1
13427,./dataset/Images/AF708.jpg,1
13439,./dataset/Images/AF719.jpg,1
13445,./dataset/Images/AF724.jpg,5
13448,./dataset/Images/AF727.jpg,5
13461,./dataset/Images/AF739.jpg,1
13479,./dataset/Images/AF755.jpg,5
13482,./dataset/Images/AF758.jpg,5
13491,./dataset/Images/AF766.jpg,1
13494,./dataset/Images/AF769.jpg,1
13503,./dataset/Images/AF777.jpg,1
13505,./dataset/Images/AF779.jpg,5
13536,./dataset/Images/AF806.jpg,1
13543,./dataset/Images/AF812.jpg,5
13554,./dataset/Images/AF822.jpg,1
13560,./dataset/Images/AF828.jpg,1
13586,./dataset/Images/AF851.jpg,1
13590,./dataset/Images/AF855.jpg,5
13596,./dataset/Images/AF860.jpg,5
13603,./dataset/Images/AF867.jpg,5
13608,./dataset/Images/AF871.jpg,1
13609,./dataset/Images/AF872.jpg,5
13620,./dataset/Images/AF882.jpg,5
13623,./dataset/Images/AF885.jpg,5
13628,./dataset/Images/AF89.jpg,1
13634,./dataset/Images/AF895.jpg,5
13656,./dataset/Images/AF914.jpg,5
13677,./dataset/Images/AF933.jpg,5
13700,./dataset/Images/AF954.jpg,5
13703,./dataset/Images/AF957.jpg,5
13704,./dataset/Images/AF958.jpg,5
13708,./dataset/Images/AF961.jpg,5
13711,./dataset/Images/AF964.jpg,5
13714,./dataset/Images/AF967.jpg,5
13716,./dataset/Images/AF969.jpg,5
13728,./dataset/Images/AF98.jpg,1
13729,./dataset/Images/AF980.jpg,5
13739,./dataset/Images/AF99.jpg,1
13749,./dataset/Images/AF999.jpg,5
17250,./dataset/Images/AF1.jpg,1
17252,./dataset/Images/AF100.jpg,1
17255,./dataset/Images/AF1002.jpg,1
17256,./dataset/Images/AF1003.jpg,1
17260,./dataset/Images/AF1007.jpg,1
17264,./dataset/Images/AF1010.jpg,1
17266,./dataset/Images/AF1012.jpg,1
17286,./dataset/Images/AF1030.jpg,1
17289,./dataset/Images/AF1033.jpg,1
17290,./dataset/Images/AF1034.jpg,1
17294,./dataset/Images/AF1038.jpg,1
17299,./dataset/Images/AF1042.jpg,1
17301,./dataset/Images/AF1044.jpg,5
17305,./dataset/Images/AF1048.jpg,1
17306,./dataset/Images/AF1049.jpg,1
17309,./dataset/Images/AF1051.jpg,1
17310,./dataset/Images/AF1052.jpg,1
17315,./dataset/Images/AF1057.jpg,1
17319,./dataset/Images/AF1060.jpg,1
17320,./dataset/Images/AF1061.jpg,1
17328,./dataset/Images/AF1069.jpg,1
17330,./dataset/Images/AF1070.jpg,1
17340,./dataset/Images/AF108.jpg,1
17342,./dataset/Images/AF1081.jpg,1
17348,./dataset/Images/AF1087.jpg,1
17354,./dataset/Images/AF1092.jpg,1
17358,./dataset/Images/AF1096.jpg,1
17362,./dataset/Images/AF11.jpg,1
17376,./dataset/Images/AF1111.jpg,1
17384,./dataset/Images/AF1119.jpg,1
17385,./dataset/Images/AF112.jpg,1
17389,./dataset/Images/AF1123.jpg,1
17391,./dataset/Images/AF1125.jpg,1
17394,./dataset/Images/AF1128.jpg,1
17397,./dataset/Images/AF1130.jpg,1
17398,./dataset/Images/AF1131.jpg,1
17399,./dataset/Images/AF1132.jpg,1
17404,./dataset/Images/AF1137.jpg,1
17409,./dataset/Images/AF1141.jpg,1
17418,./dataset/Images/AF115.jpg,1
17420,./dataset/Images/AF1151.jpg,1
17422,./dataset/Images/AF1153.jpg,1
17424,./dataset/Images/AF1155.jpg,1
17426,./dataset/Images/AF1157.jpg,1
17435,./dataset/Images/AF1165.jpg,1
17457,./dataset/Images/AF1185.jpg,1
17458,./dataset/Images/AF1186.jpg,1
17460,./dataset/Images/AF1188.jpg,1
17461,./dataset/Images/AF1189.jpg,1
17484,./dataset/Images/AF1209.jpg,1
17486,./dataset/Images/AF1210.jpg,1
17491,./dataset/Images/AF1215.jpg,1
17495,./dataset/Images/AF1219.jpg,1
17496,./dataset/Images/AF122.jpg,1
17497,./dataset/Images/AF1220.jpg,1
17503,./dataset/Images/AF1226.jpg,1
17508,./dataset/Images/AF1230.jpg,1
17511,./dataset/Images/AF1233.jpg,1
17512,./dataset/Images/AF1234.jpg,1
17518,./dataset/Images/AF124.jpg,1
17519,./dataset/Images/AF1240.jpg,1
17529,./dataset/Images/AF125.jpg,1
17536,./dataset/Images/AF1256.jpg,1
17539,./dataset/Images/AF1259.jpg,1
17561,./dataset/Images/AF1279.jpg,5
17564,./dataset/Images/AF1281.jpg,1
17572,./dataset/Images/AF1289.jpg,1
17585,./dataset/Images/AF130.jpg,1
17586,./dataset/Images/AF1300.jpg,1
17587,./dataset/Images/AF1301.jpg,5
17591,./dataset/Images/AF1305.jpg,5
17592,./dataset/Images/AF1306.jpg,1
17593,./dataset/Images/AF1307.jpg,1
17597,./dataset/Images/AF1310.jpg,1
17600,./dataset/Images/AF1313.jpg,1
17601,./dataset/Images/AF1314.jpg,1
17613,./dataset/Images/AF1325.jpg,1
17615,./dataset/Images/AF1327.jpg,1
17626,./dataset/Images/AF1337.jpg,1
17629,./dataset/Images/AF134.jpg,1
17639,./dataset/Images/AF1349.jpg,1
17642,./dataset/Images/AF1351.jpg,1
17643,./dataset/Images/AF1352.jpg,1
17661,./dataset/Images/AF1369.jpg,1
17662,./dataset/Images/AF137.jpg,1
17665,./dataset/Images/AF1372.jpg,1
17666,./dataset/Images/AF1373.jpg,1
17672,./dataset/Images/AF1379.jpg,1
17673,./dataset/Images/AF138.jpg,1
17697,./dataset/Images/AF1400.jpg,5
17709,./dataset/Images/AF1411.jpg,1
17710,./dataset/Images/AF1412.jpg,1
17715,./dataset/Images/AF1417.jpg,1
17716,./dataset/Images/AF1418.jpg,1
17726,./dataset/Images/AF1427.jpg,1
17733,./dataset/Images/AF1433.jpg,1
17735,./dataset/Images/AF1435.jpg,1
17736,./dataset/Images/AF1436.jpg,1
17744,./dataset/Images/AF1443.jpg,1
17752,./dataset/Images/AF1450.jpg,1
17754,./dataset/Images/AF1452.jpg,1
17756,./dataset/Images/AF1454.jpg,1
17761,./dataset/Images/AF1459.jpg,5
17772,./dataset/Images/AF1469.jpg,5
17799,./dataset/Images/AF1493.jpg,1
17801,./dataset/Images/AF1495.jpg,5
17803,./dataset/Images/AF1497.jpg,1
17805,./dataset/Images/AF1499.jpg,1
17806,./dataset/Images/AF15.jpg,1
17827,./dataset/Images/AF1518.jpg,1
17829,./dataset/Images/AF152.jpg,1
17842,./dataset/Images/AF1531.jpg,1
17848,./dataset/Images/AF1537.jpg,1
17862,./dataset/Images/AF155.jpg,1
17884,./dataset/Images/AF157.jpg,1
17885,./dataset/Images/AF1570.jpg,1
17893,./dataset/Images/AF1578.jpg,1
17896,./dataset/Images/AF1580.jpg,1
17905,./dataset/Images/AF1589.jpg,1
17919,./dataset/Images/AF1600.jpg,1
17931,./dataset/Images/AF1611.jpg,5
17936,./dataset/Images/AF1616.jpg,1
17938,./dataset/Images/AF1618.jpg,1
17947,./dataset/Images/AF1626.jpg,1
17952,./dataset/Images/AF1630.jpg,1
17958,./dataset/Images/AF1636.jpg,1
17961,./dataset/Images/AF1639.jpg,1
17962,./dataset/Images/AF164.jpg,1
17974,./dataset/Images/AF1650.jpg,1
17977,./dataset/Images/AF1653.jpg,1
17978,./dataset/Images/AF1654.jpg,1
17984,./dataset/Images/AF166.jpg,1
17987,./dataset/Images/AF1662.jpg,1
18003,./dataset/Images/AF1677.jpg,1
18006,./dataset/Images/AF168.jpg,1
18007,./dataset/Images/AF1680.jpg,1
18029,./dataset/Images/AF170.jpg,1
18030,./dataset/Images/AF1700.jpg,1
18032,./dataset/Images/AF1702.jpg,1
18037,./dataset/Images/AF1707.jpg,5
18040,./dataset/Images/AF171.jpg,1
18044,./dataset/Images/AF1713.jpg,5
18046,./dataset/Images/AF1715.jpg,1
18053,./dataset/Images/AF1721.jpg,1
18059,./dataset/Images/AF1727.jpg,1
18062,./dataset/Images/AF173.jpg,1
18077,./dataset/Images/AF1743.jpg,1
18078,./dataset/Images/AF1744.jpg,1
18091,./dataset/Images/AF1756.jpg,5
18092,./dataset/Images/AF1757.jpg,1
18093,./dataset/Images/AF1758.jpg,1
18103,./dataset/Images/AF1767.jpg,5
18116,./dataset/Images/AF1779.jpg,1
18131,./dataset/Images/AF1792.jpg,5
18139,./dataset/Images/AF18.jpg,1
18145,./dataset/Images/AF1804.jpg,1
18151,./dataset/Images/AF181.jpg,1
18152,./dataset/Images/AF1810.jpg,1
18160,./dataset/Images/AF1818.jpg,1
18161,./dataset/Images/AF1819.jpg,1
18175,./dataset/Images/AF1831.jpg,1
18179,./dataset/Images/AF1835.jpg,1
18197,./dataset/Images/AF1851.jpg,1
18220,./dataset/Images/AF1872.jpg,1
18227,./dataset/Images/AF1879.jpg,1
18228,./dataset/Images/AF188.jpg,1
18234,./dataset/Images/AF1885.jpg,1
18235,./dataset/Images/AF1886.jpg,1
18243,./dataset/Images/AF1893.jpg,1
18249,./dataset/Images/AF1899.jpg,1
18274,./dataset/Images/AF1920.jpg,1
18276,./dataset/Images/AF1922.jpg,1
18278,./dataset/Images/AF1924.jpg,1
18289,./dataset/Images/AF1934.jpg,1
18293,./dataset/Images/AF1938.jpg,1
18296,./dataset/Images/AF1940.jpg,1
18298,./dataset/Images/AF1942.jpg,1
18304,./dataset/Images/AF1948.jpg,1
18306,./dataset/Images/AF195.jpg,1
18311,./dataset/Images/AF1954.jpg,1
18320,./dataset/Images/AF1962.jpg,1
18321,./dataset/Images/AF1963.jpg,1
18330,./dataset/Images/AF1971.jpg,1
18339,./dataset/Images/AF198.jpg,1
18344,./dataset/Images/AF1984.jpg,1
18350,./dataset/Images/AF199.jpg,1
18355,./dataset/Images/AF1994.jpg,1
18359,./dataset/Images/AF1998.jpg,1
18362,./dataset/Images/AF20.jpg,1
18365,./dataset/Images/AF201.jpg,1
18366,./dataset/Images/AF202.jpg,1
18371,./dataset/Images/AF207.jpg,1
18382,./dataset/Images/AF217.jpg,1
18388,./dataset/Images/AF222.jpg,1
18389,./dataset/Images/AF223.jpg,1
18390,./dataset/Images/AF224.jpg,1
18392,./dataset/Images/AF226.jpg,1
18393,./dataset/Images/AF227.jpg,1
18394,./dataset/Images/AF228.jpg,1
18396,./dataset/Images/AF23.jpg,1
18401,./dataset/Images/AF234.jpg,1
18411,./dataset/Images/AF243.jpg,1
18414,./dataset/Images/AF246.jpg,1
18417,./dataset/Images/AF249.jpg,1
18419,./dataset/Images/AF250.jpg,1
18425,./dataset/Images/AF256.jpg,1
18426,./dataset/Images/AF257.jpg,1
18436,./dataset/Images/AF266.jpg,1
18452,./dataset/Images/AF280.jpg,1
18453,./dataset/Images/AF281.jpg,1
18455,./dataset/Images/AF283.jpg,1
18456,./dataset/Images/AF284.jpg,1
18458,./dataset/Images/AF286.jpg,1
18460,./dataset/Images/AF288.jpg,1
18471,./dataset/Images/AF298.jpg,1
18476,./dataset/Images/AF301.jpg,1
18477,./dataset/Images/AF302.jpg,1
18481,./dataset/Images/AF306.jpg,1
18485,./dataset/Images/AF31.jpg,1
18486,./dataset/Images/AF310.jpg,1
18489,./dataset/Images/AF313.jpg,1
18502,./dataset/Images/AF325.jpg,1
18511,./dataset/Images/AF333.jpg,1
18512,./dataset/Images/AF334.jpg,1
18514,./dataset/Images/AF336.jpg,1
18516,./dataset/Images/AF338.jpg,1
18518,./dataset/Images/AF34.jpg,1
18523,./dataset/Images/AF344.jpg,1
18528,./dataset/Images/AF349.jpg,1
18532,./dataset/Images/AF352.jpg,1
18534,./dataset/Images/AF354.jpg,1
18535,./dataset/Images/AF355.jpg,1
18541,./dataset/Images/AF360.jpg,1
18542,./dataset/Images/AF361.jpg,1
18548,./dataset/Images/AF367.jpg,1
18556,./dataset/Images/AF374.jpg,1
18561,./dataset/Images/AF379.jpg,1
18564,./dataset/Images/AF381.jpg,1
18570,./dataset/Images/AF387.jpg,1
18572,./dataset/Images/AF389.jpg,1
18573,./dataset/Images/AF39.jpg,1
18574,./dataset/Images/AF390.jpg,1
18584,./dataset/Images/AF4.jpg,1
18585,./dataset/Images/AF40.jpg,1
18589,./dataset/Images/AF403.jpg,1
18605,./dataset/Images/AF418.jpg,1
18607,./dataset/Images/AF42.jpg,1
18609,./dataset/Images/AF421.jpg,1
18612,./dataset/Images/AF424.jpg,1
18613,./dataset/Images/AF425.jpg,1
18614,./dataset/Images/AF426.jpg,1
18617,./dataset/Images/AF429.jpg,1
18623,./dataset/Images/AF434.jpg,1
18628,./dataset/Images/AF439.jpg,1
18630,./dataset/Images/AF440.jpg,1
18632,./dataset/Images/AF442.jpg,1
18634,./dataset/Images/AF444.jpg,1
18636,./dataset/Images/AF446.jpg,1
18640,./dataset/Images/AF45.jpg,1
18647,./dataset/Images/AF456.jpg,1
18650,./dataset/Images/AF459.jpg,1
18652,./dataset/Images/AF460.jpg,5
18667,./dataset/Images/AF474.jpg,1
18669,./dataset/Images/AF476.jpg,5
18672,./dataset/Images/AF479.jpg,1
18674,./dataset/Images/AF480.jpg,1
18677,./dataset/Images/AF483.jpg,1
18679,./dataset/Images/AF485.jpg,1
18681,./dataset/Images/AF487.jpg,1
18682,./dataset/Images/AF488.jpg,1
18693,./dataset/Images/AF498.jpg,1
18696,./dataset/Images/AF50.jpg,1
18697,./dataset/Images/AF500.jpg,1
18699,./dataset/Images/AF502.jpg,1
18701,./dataset/Images/AF504.jpg,1
18704,./dataset/Images/AF507.jpg,1
18707,./dataset/Images/AF51.jpg,1
18710,./dataset/Images/AF512.jpg,1
18714,./dataset/Images/AF516.jpg,1
18715,./dataset/Images/AF517.jpg,1
18723,./dataset/Images/AF524.jpg,1
18728,./dataset/Images/AF529.jpg,1
18731,./dataset/Images/AF531.jpg,1
18733,./dataset/Images/AF533.jpg,1
18735,./dataset/Images/AF535.jpg,1
18737,./dataset/Images/AF537.jpg,1
18741,./dataset/Images/AF540.jpg,1
18744,./dataset/Images/AF543.jpg,1
18748,./dataset/Images/AF547.jpg,1
18752,./dataset/Images/AF550.jpg,1
18755,./dataset/Images/AF553.jpg,1
18759,./dataset/Images/AF557.jpg,1
18761,./dataset/Images/AF559.jpg,1
18765,./dataset/Images/AF562.jpg,1
18766,./dataset/Images/AF563.jpg,1
18767,./dataset/Images/AF564.jpg,1
18771,./dataset/Images/AF568.jpg,1
18775,./dataset/Images/AF571.jpg,1
18777,./dataset/Images/AF573.jpg,1
18778,./dataset/Images/AF574.jpg,1
18788,./dataset/Images/AF583.jpg,1
18789,./dataset/Images/AF584.jpg,1
18790,./dataset/Images/AF585.jpg,1
18797,./dataset/Images/AF591.jpg,1
18808,./dataset/Images/AF600.jpg,1
18809,./dataset/Images/AF601.jpg,1
18810,./dataset/Images/AF602.jpg,1
18815,./dataset/Images/AF607.jpg,1
18820,./dataset/Images/AF611.jpg,1
18821,./dataset/Images/AF612.jpg,1
18824,./dataset/Images/AF615.jpg,1
18826,./dataset/Images/AF617.jpg,1
18829,./dataset/Images/AF62.jpg,1
18830,./dataset/Images/AF620.jpg,1
18831,./dataset/Images/AF621.jpg,1
18835,./dataset/Images/AF625.jpg,1
18836,./dataset/Images/AF626.jpg,1
18845,./dataset/Images/AF634.jpg,1
18848,./dataset/Images/AF637.jpg,1
18849,./dataset/Images/AF638.jpg,1
18853,./dataset/Images/AF641.jpg,1
18856,./dataset/Images/AF644.jpg,1
18857,./dataset/Images/AF645.jpg,1
18860,./dataset/Images/AF648.jpg,1
18861,./dataset/Images/AF649.jpg,1
18865,./dataset/Images/AF652.jpg,1
18869,./dataset/Images/AF656.jpg,1
18870,./dataset/Images/AF657.jpg,1
18872,./dataset/Images/AF659.jpg,1
18874,./dataset/Images/AF660.jpg,1
18875,./dataset/Images/AF661.jpg,1
18877,./dataset/Images/AF663.jpg,1
18878,./dataset/Images/AF664.jpg,1
18879,./dataset/Images/AF665.jpg,1
18886,./dataset/Images/AF671.jpg,1
18887,./dataset/Images/AF672.jpg,1
18891,./dataset/Images/AF676.jpg,1
18894,./dataset/Images/AF679.jpg,1
18899,./dataset/Images/AF683.jpg,1
18900,./dataset/Images/AF684.jpg,1
18903,./dataset/Images/AF687.jpg,1
18906,./dataset/Images/AF69.jpg,1
18908,./dataset/Images/AF691.jpg,1
18910,./dataset/Images/AF693.jpg,1
18914,./dataset/Images/AF697.jpg,1
18917,./dataset/Images/AF7.jpg,1
18918,./dataset/Images/AF70.jpg,1
18920,./dataset/Images/AF701.jpg,1
18922,./dataset/Images/AF703.jpg,1
18924,./dataset/Images/AF705.jpg,1
18928,./dataset/Images/AF709.jpg,1
18929,./dataset/Images/AF71.jpg,1
18931,./dataset/Images/AF711.jpg,1
18933,./dataset/Images/AF713.jpg,1
18934,./dataset/Images/AF714.jpg,1
18942,./dataset/Images/AF721.jpg,1
18944,./dataset/Images/AF723.jpg,1
18946,./dataset/Images/AF725.jpg,1
18947,./dataset/Images/AF726.jpg,1
18950,./dataset/Images/AF729.jpg,1
18952,./dataset/Images/AF730.jpg,1
18954,./dataset/Images/AF732.jpg,1
18955,./dataset/Images/AF733.jpg,1
18956,./dataset/Images/AF734.jpg,1
18964,./dataset/Images/AF741.jpg,1
18965,./dataset/Images/AF742.jpg,1
18966,./dataset/Images/AF743.jpg,1
18969,./dataset/Images/AF746.jpg,5
18971,./dataset/Images/AF748.jpg,1
18972,./dataset/Images/AF749.jpg,1
18978,./dataset/Images/AF754.jpg,1
18984,./dataset/Images/AF76.jpg,1
18989,./dataset/Images/AF764.jpg,1
18997,./dataset/Images/AF771.jpg,1
18999,./dataset/Images/AF773.jpg,1
19001,./dataset/Images/AF775.jpg,1
19002,./dataset/Images/AF776.jpg,1
19008,./dataset/Images/AF781.jpg,1
19012,./dataset/Images/AF785.jpg,1
19017,./dataset/Images/AF79.jpg,1
19019,./dataset/Images/AF791.jpg,1
19022,./dataset/Images/AF794.jpg,1
19023,./dataset/Images/AF795.jpg,1
19025,./dataset/Images/AF797.jpg,1
19034,./dataset/Images/AF804.jpg,1
19044,./dataset/Images/AF813.jpg,1
19045,./dataset/Images/AF814.jpg,1
19047,./dataset/Images/AF816.jpg,1
19056,./dataset/Images/AF824.jpg,1
19057,./dataset/Images/AF825.jpg,1
19059,./dataset/Images/AF827.jpg,1
19062,./dataset/Images/AF83.jpg,1
19063,./dataset/Images/AF830.jpg,1
19066,./dataset/Images/AF833.jpg,1
19067,./dataset/Images/AF834.jpg,1
19070,./dataset/Images/AF837.jpg,1
19076,./dataset/Images/AF842.jpg,1
19077,./dataset/Images/AF843.jpg,1
19081,./dataset/Images/AF847.jpg,1
19083,./dataset/Images/AF849.jpg,1
19084,./dataset/Images/AF85.jpg,1
19087,./dataset/Images/AF852.jpg,1
19092,./dataset/Images/AF857.jpg,1
19100,./dataset/Images/AF864.jpg,1
19101,./dataset/Images/AF865.jpg,1
19104,./dataset/Images/AF868.jpg,1
19107,./dataset/Images/AF870.jpg,1
19110,./dataset/Images/AF873.jpg,1
19112,./dataset/Images/AF875.jpg,1
19114,./dataset/Images/AF877.jpg,5
19122,./dataset/Images/AF884.jpg,1
19126,./dataset/Images/AF888.jpg,1
19127,./dataset/Images/AF889.jpg,1
19130,./dataset/Images/AF891.jpg,1
19132,./dataset/Images/AF893.jpg,1
19133,./dataset/Images/AF894.jpg,1
19138,./dataset/Images/AF899.jpg,1
19142,./dataset/Images/AF901.jpg,1
19145,./dataset/Images/AF904.jpg,1
19148,./dataset/Images/AF907.jpg,1
19149,./dataset/Images/AF908.jpg,1
19157,./dataset/Images/AF915.jpg,1
19161,./dataset/Images/AF919.jpg,1
19163,./dataset/Images/AF920.jpg,1
19170,./dataset/Images/AF927.jpg,1
19173,./dataset/Images/AF93.jpg,1
19175,./dataset/Images/AF931.jpg,1
19180,./dataset/Images/AF936.jpg,1
19188,./dataset/Images/AF943.jpg,1
19193,./dataset/Images/AF948.jpg,1
19195,./dataset/Images/AF95.jpg,1
19197,./dataset/Images/AF951.jpg,1
19199,./dataset/Images/AF953.jpg,5
19206,./dataset/Images/AF96.jpg,1
19212,./dataset/Images/AF965.jpg,1
19215,./dataset/Images/AF968.jpg,1
19217,./dataset/Images/AF97.jpg,1
19223,./dataset/Images/AF975.jpg,1
19231,./dataset/Images/AF982.jpg,1
19237,./dataset/Images/AF988.jpg,1
19243,./dataset/Images/AF993.jpg,1
19245,./dataset/Images/AF995.jpg,1
19248,./dataset/Images/AF998.jpg,1
22762,./dataset/Images/AF1009.jpg,5
22866,./dataset/Images/AF1102.jpg,5
22902,./dataset/Images/AF1135.jpg,5
22916,./dataset/Images/AF1148.jpg,5
22936,./dataset/Images/AF1166.jpg,5
23158,./dataset/Images/AF1366.jpg,5
23190,./dataset/Images/AF1395.jpg,5
23259,./dataset/Images/AF1457.jpg,5
23265,./dataset/Images/AF1462.jpg,5
23268,./dataset/Images/AF1465.jpg,5
23269,./dataset/Images/AF1466.jpg,5
23316,./dataset/Images/AF1508.jpg,5
23324,./dataset/Images/AF1515.jpg,5
23376,./dataset/Images/AF1562.jpg,5
23421,./dataset/Images/AF1602.jpg,5
23444,./dataset/Images/AF1623.jpg,5
23486,./dataset/Images/AF1661.jpg,5
23554,./dataset/Images/AF1722.jpg,5
23607,./dataset/Images/AF1770.jpg,5
23614,./dataset/Images/AF1777.jpg,5
23903,./dataset/Images/AF236.jpg,5
24186,./dataset/Images/AF491.jpg,5
24350,./dataset/Images/AF639.jpg,5
24390,./dataset/Images/AF675.jpg,5
24393,./dataset/Images/AF678.jpg,5
24593,./dataset/Images/AF858.jpg,5
24619,./dataset/Images/AF881.jpg,5
24631,./dataset/Images/AF892.jpg,5
24678,./dataset/Images/AF934.jpg,5
24691,./dataset/Images/AF946.jpg,5
28307,./dataset/Images/AF105.jpg,5
28475,./dataset/Images/AF1200.jpg,1
28843,./dataset/Images/AF1532.jpg,5
28996,./dataset/Images/AF1670.jpg,5
29143,./dataset/Images/AF1802.jpg,5
29305,./dataset/Images/AF1949.jpg,5
29671,./dataset/Images/AF478.jpg,1
29680,./dataset/Images/AF486.jpg,1
29690,./dataset/Images/AF495.jpg,1
29742,./dataset/Images/AF541.jpg,1
29987,./dataset/Images/AF762.jpg,5
29998,./dataset/Images/AF772.jpg,5
30088,./dataset/Images/AF853.jpg,1
34088,./dataset/Images/AF1302.jpg,5
34433,./dataset/Images/AF1613.jpg,5
39452,./dataset/Images/AF1180.jpg,5
39468,./dataset/Images/AF1195.jpg,5
39667,./dataset/Images/AF1374.jpg,5
39770,./dataset/Images/AF1467.jpg,5
39782,./dataset/Images/AF1478.jpg,5
39865,./dataset/Images/AF1552.jpg,5
39941,./dataset/Images/AF1620.jpg,5
40047,./dataset/Images/AF1716.jpg,5
40105,./dataset/Images/AF1769.jpg,5
40210,./dataset/Images/AF1863.jpg,5
40226,./dataset/Images/AF1878.jpg,5
40272,./dataset/Images/AF1919.jpg,5
41247,./dataset/Images/AF997.jpg,5
44852,./dataset/Images/AF1090.jpg,5
45089,./dataset/Images/AF1303.jpg,5
45212,./dataset/Images/AF1414.jpg,5
45250,./dataset/Images/AF1449.jpg,5
45354,./dataset/Images/AF1542.jpg,1
45410,./dataset/Images/AF1593.jpg,5
46110,./dataset/Images/AF422.jpg,1
46355,./dataset/Images/AF643.jpg,1
46618,./dataset/Images/AF880.jpg,5
50269,./dataset/Images/AF1015.jpg,5
50381,./dataset/Images/AF1116.jpg,5
50425,./dataset/Images/AF1156.jpg,5
50450,./dataset/Images/AF1179.jpg,5
50488,./dataset/Images/AF1212.jpg,5
50521,./dataset/Images/AF1242.jpg,5
50547,./dataset/Images/AF1266.jpg,5
50569,./dataset/Images/AF1286.jpg,5
50598,./dataset/Images/AF1311.jpg,5
50625,./dataset/Images/AF1336.jpg,5
50654,./dataset/Images/AF1362.jpg,5
50721,./dataset/Images/AF1422.jpg,5
50960,./dataset/Images/AF1638.jpg,5
50999,./dataset/Images/AF1673.jpg,5
51041,./dataset/Images/AF1710.jpg,5
51050,./dataset/Images/AF1719.jpg,5
51142,./dataset/Images/AF1801.jpg,5
51267,./dataset/Images/AF1914.jpg,5
51303,./dataset/Images/AF1947.jpg,5
51322,./dataset/Images/AF1964.jpg,5
51475,./dataset/Images/AF300.jpg,5
51768,./dataset/Images/AF565.jpg,5
51859,./dataset/Images/AF647.jpg,5
51943,./dataset/Images/AF722.jpg,5
51953,./dataset/Images/AF731.jpg,5
52069,./dataset/Images/AF836.jpg,5
61263,./dataset/Images/AF101.jpg,1
61405,./dataset/Images/AF1138.jpg,1
61466,./dataset/Images/AF1193.jpg,1
62136,./dataset/Images/AF1797.jpg,1
62209,./dataset/Images/AF1862.jpg,1
62317,./dataset/Images/AF196.jpg,1
62577,./dataset/Images/AF393.jpg,1
63009,./dataset/Images/AF782.jpg,1
63024,./dataset/Images/AF796.jpg,1
67203,./dataset/Images/AF1406.jpg,5
67618,./dataset/Images/AF1780.jpg,5
68276,./dataset/Images/AF572.jpg,5
72359,./dataset/Images/AF1097.jpg,1
72373,./dataset/Images/AF1109.jpg,5
72675,./dataset/Images/AF1381.jpg,5
72739,./dataset/Images/AF1439.jpg,5
73000,./dataset/Images/AF1674.jpg,5
73211,./dataset/Images/AF1864.jpg,5
73973,./dataset/Images/AF75.jpg,1
77982,./dataset/Images/AF1207.jpg,5
78296,./dataset/Images/AF1490.jpg,5
79272,./dataset/Images/AF569.jpg,5
79493,./dataset/Images/AF768.jpg,1
83265,./dataset/Images/AF1011.jpg,1
83284,./dataset/Images/AF1029.jpg,5
83326,./dataset/Images/AF1067.jpg,1
83492,./dataset/Images/AF1216.jpg,1
83499,./dataset/Images/AF1222.jpg,5
83559,./dataset/Images/AF1277.jpg,5
83599,./dataset/Images/AF1312.jpg,5
83607,./dataset/Images/AF132.jpg,1
83616,./dataset/Images/AF1328.jpg,5
83649,./dataset/Images/AF1358.jpg,1
83655,./dataset/Images/AF1363.jpg,1
83730,./dataset/Images/AF1430.jpg,5
83760,./dataset/Images/AF1458.jpg,5
83777,./dataset/Images/AF1473.jpg,1
83815,./dataset/Images/AF1507.jpg,1
83833,./dataset/Images/AF1523.jpg,5
83834,./dataset/Images/AF1524.jpg,5
83883,./dataset/Images/AF1569.jpg,5
83888,./dataset/Images/AF1573.jpg,5
83894,./dataset/Images/AF1579.jpg,5
83901,./dataset/Images/AF1585.jpg,5
83927,./dataset/Images/AF1608.jpg,1
83945,./dataset/Images/AF1624.jpg,1
83990,./dataset/Images/AF1665.jpg,5
84035,./dataset/Images/AF1705.jpg,1
84038,./dataset/Images/AF1708.jpg,1
84086,./dataset/Images/AF1751.jpg,5
84095,./dataset/Images/AF176.jpg,1
84122,./dataset/Images/AF1784.jpg,1
84144,./dataset/Images/AF1803.jpg,1
84157,./dataset/Images/AF1815.jpg,1
84165,./dataset/Images/AF1822.jpg,5
84176,./dataset/Images/AF1832.jpg,5
84219,./dataset/Images/AF1871.jpg,5
84259,./dataset/Images/AF1907.jpg,1
84264,./dataset/Images/AF1911.jpg,5
84270,./dataset/Images/AF1917.jpg,1
84283,./dataset/Images/AF1929.jpg,5
84299,./dataset/Images/AF1943.jpg,5
84301,./dataset/Images/AF1945.jpg,1
84307,./dataset/Images/AF1950.jpg,1
84309,./dataset/Images/AF1952.jpg,1
84329,./dataset/Images/AF1970.jpg,1
84340,./dataset/Images/AF1980.jpg,5
84368,./dataset/Images/AF204.jpg,1
84370,./dataset/Images/AF206.jpg,1
84454,./dataset/Images/AF282.jpg,1
84467,./dataset/Images/AF294.jpg,1
84483,./dataset/Images/AF308.jpg,1
84530,./dataset/Images/AF350.jpg,1
84537,./dataset/Images/AF357.jpg,1
84592,./dataset/Images/AF406.jpg,1
84606,./dataset/Images/AF419.jpg,1
84786,./dataset/Images/AF581.jpg,1
84804,./dataset/Images/AF598.jpg,1
84841,./dataset/Images/AF630.jpg,1
84854,./dataset/Images/AF642.jpg,1
84866,./dataset/Images/AF653.jpg,1
84905,./dataset/Images/AF689.jpg,1
85004,./dataset/Images/AF778.jpg,1
85013,./dataset/Images/AF786.jpg,1
85020,./dataset/Images/AF792.jpg,1
85052,./dataset/Images/AF820.jpg,1
85113,./dataset/Images/AF876.jpg,1
85166,./dataset/Images/AF923.jpg,1
85190,./dataset/Images/AF945.jpg,1
85227,./dataset/Images/AF979.jpg,1
85238,./dataset/Images/AF989.jpg,1
88759,./dataset/Images/AF1006.jpg,5
88770,./dataset/Images/AF1016.jpg,5
88776,./dataset/Images/AF1021.jpg,5
88777,./dataset/Images/AF1022.jpg,5
88791,./dataset/Images/AF1035.jpg,5
88813,./dataset/Images/AF1055.jpg,5
88823,./dataset/Images/AF1064.jpg,5
88827,./dataset/Images/AF1068.jpg,5
88838,./dataset/Images/AF1078.jpg,5
88888,./dataset/Images/AF1122.jpg,5
88896,./dataset/Images/AF113.jpg,5
88903,./dataset/Images/AF1136.jpg,5
88938,./dataset/Images/AF1168.jpg,5
88939,./dataset/Images/AF1169.jpg,5
88955,./dataset/Images/AF1183.jpg,5
88971,./dataset/Images/AF1198.jpg,5
88978,./dataset/Images/AF1203.jpg,5
88989,./dataset/Images/AF1213.jpg,5
89015,./dataset/Images/AF1237.jpg,5
89017,./dataset/Images/AF1239.jpg,5
89032,./dataset/Images/AF1252.jpg,5
89054,./dataset/Images/AF1272.jpg,5
89065,./dataset/Images/AF1282.jpg,5
89081,./dataset/Images/AF1297.jpg,5
89112,./dataset/Images/AF1324.jpg,5
89114,./dataset/Images/AF1326.jpg,5
89130,./dataset/Images/AF1340.jpg,5
89147,./dataset/Images/AF1356.jpg,5
89152,./dataset/Images/AF1360.jpg,5
89170,./dataset/Images/AF1377.jpg,5
89183,./dataset/Images/AF1389.jpg,5
89188,./dataset/Images/AF1393.jpg,5
89189,./dataset/Images/AF1394.jpg,5
89204,./dataset/Images/AF1407.jpg,5
89214,./dataset/Images/AF1416.jpg,5
89217,./dataset/Images/AF1419.jpg,5
89228,./dataset/Images/AF1429.jpg,5
89234,./dataset/Images/AF1434.jpg,5
89263,./dataset/Images/AF1460.jpg,5
89274,./dataset/Images/AF1470.jpg,5
89276,./dataset/Images/AF1472.jpg,5
89300,./dataset/Images/AF1494.jpg,5
89309,./dataset/Images/AF1501.jpg,5
89314,./dataset/Images/AF1506.jpg,5
89320,./dataset/Images/AF1511.jpg,5
89330,./dataset/Images/AF1520.jpg,5
89358,./dataset/Images/AF1546.jpg,5
89364,./dataset/Images/AF1551.jpg,5
89366,./dataset/Images/AF1553.jpg,5
89391,./dataset/Images/AF1576.jpg,5
89392,./dataset/Images/AF1577.jpg,5
89403,./dataset/Images/AF1587.jpg,5
89404,./dataset/Images/AF1588.jpg,5
89411,./dataset/Images/AF1594.jpg,5
89422,./dataset/Images/AF1603.jpg,5
89426,./dataset/Images/AF1607.jpg,5
89450,./dataset/Images/AF1629.jpg,5
89470,./dataset/Images/AF1647.jpg,5
89488,./dataset/Images/AF1663.jpg,5
89498,./dataset/Images/AF1672.jpg,5
89508,./dataset/Images/AF1681.jpg,1
89521,./dataset/Images/AF1693.jpg,5
89525,./dataset/Images/AF1697.jpg,5
89536,./dataset/Images/AF1706.jpg,5
89539,./dataset/Images/AF1709.jpg,5
89543,./dataset/Images/AF1712.jpg,5
89549,./dataset/Images/AF1718.jpg,5
89552,./dataset/Images/AF1720.jpg,5
89570,./dataset/Images/AF1737.jpg,5
89576,./dataset/Images/AF1742.jpg,5
89580,./dataset/Images/AF1746.jpg,5
89582,./dataset/Images/AF1748.jpg,5
89584,./dataset/Images/AF175.jpg,5
89594,./dataset/Images/AF1759.jpg,5
89600,./dataset/Images/AF1764.jpg,5
89601,./dataset/Images/AF1765.jpg,5
89621,./dataset/Images/AF1783.jpg,5
89623,./dataset/Images/AF1785.jpg,5
89630,./dataset/Images/AF1791.jpg,5
89637,./dataset/Images/AF1798.jpg,5
89653,./dataset/Images/AF1811.jpg,5
89654,./dataset/Images/AF1812.jpg,5
89659,./dataset/Images/AF1817.jpg,5
89672,./dataset/Images/AF1829.jpg,5
89682,./dataset/Images/AF1838.jpg,5
89691,./dataset/Images/AF1846.jpg,5
89716,./dataset/Images/AF1869.jpg,5
89730,./dataset/Images/AF1881.jpg,5
89731,./dataset/Images/AF1882.jpg,5
89738,./dataset/Images/AF1889.jpg,5
89756,./dataset/Images/AF1904.jpg,5
89761,./dataset/Images/AF1909.jpg,5
89765,./dataset/Images/AF1912.jpg,5
89768,./dataset/Images/AF1915.jpg,5
89814,./dataset/Images/AF1957.jpg,5
89824,./dataset/Images/AF1966.jpg,5
89827,./dataset/Images/AF1969.jpg,5
89841,./dataset/Images/AF1981.jpg,5
89861,./dataset/Images/AF2.jpg,5
89869,./dataset/Images/AF205.jpg,5
89920,./dataset/Images/AF251.jpg,1
89943,./dataset/Images/AF272.jpg,5
90045,./dataset/Images/AF364.jpg,5
90049,./dataset/Images/AF368.jpg,1
90099,./dataset/Images/AF412.jpg,1
90108,./dataset/Images/AF420.jpg,5
90159,./dataset/Images/AF467.jpg,5
90170,./dataset/Images/AF477.jpg,5
90262,./dataset/Images/AF56.jpg,5
90296,./dataset/Images/AF590.jpg,1
90299,./dataset/Images/AF593.jpg,5
90342,./dataset/Images/AF631.jpg,5
90407,./dataset/Images/AF690.jpg,5
90574,./dataset/Images/AF840.jpg,5
90629,./dataset/Images/AF890.jpg,5
90654,./dataset/Images/AF912.jpg,5
90660,./dataset/Images/AF918.jpg,1
90685,./dataset/Images/AF940.jpg,5
90692,./dataset/Images/AF947.jpg,5
90696,./dataset/Images/AF950.jpg,5
90709,./dataset/Images/AF962.jpg,5
90746,./dataset/Images/AF996.jpg,5
94353,./dataset/Images/AF1091.jpg,5
94370,./dataset/Images/AF1106.jpg,5
94504,./dataset/Images/AF1227.jpg,5
94619,./dataset/Images/AF1330.jpg,5
94692,./dataset/Images/AF1397.jpg,5
94798,./dataset/Images/AF1492.jpg,5
94839,./dataset/Images/AF1529.jpg,5
94874,./dataset/Images/AF1560.jpg,5
94879,./dataset/Images/AF1565.jpg,5
94889,./dataset/Images/AF1574.jpg,5
94902,./dataset/Images/AF1586.jpg,5
94908,./dataset/Images/AF1591.jpg,5
94923,./dataset/Images/AF1604.jpg,5
94954,./dataset/Images/AF1632.jpg,5
94963,./dataset/Images/AF1640.jpg,5
95031,./dataset/Images/AF1701.jpg,5
95069,./dataset/Images/AF1736.jpg,5
95089,./dataset/Images/AF1754.jpg,5
95113,./dataset/Images/AF1776.jpg,5
95204,./dataset/Images/AF1858.jpg,5
95222,./dataset/Images/AF1874.jpg,5
95246,./dataset/Images/AF1896.jpg,5
95353,./dataset/Images/AF1992.jpg,5
95408,./dataset/Images/AF240.jpg,1
95588,./dataset/Images/AF402.jpg,5
95749,./dataset/Images/AF548.jpg,5
95770,./dataset/Images/AF567.jpg,5
95774,./dataset/Images/AF570.jpg,1
95814,./dataset/Images/AF606.jpg,5
96085,./dataset/Images/AF850.jpg,5
96233,./dataset/Images/AF984.jpg,5
101122,./dataset/Images/AF433.jpg,5
101256,./dataset/Images/AF554.jpg,5
106045,./dataset/Images/AF1714.jpg,5
110948,./dataset/Images/AF1177.jpg,5
111067,./dataset/Images/AF1284.jpg,5
111137,./dataset/Images/AF1347.jpg,5
111678,./dataset/Images/AF1834.jpg,5
111785,./dataset/Images/AF1930.jpg,5
112198,./dataset/Images/AF501.jpg,5
112287,./dataset/Images/AF582.jpg,5
112744,./dataset/Images/AF994.jpg,5
116281,./dataset/Images/AF1026.jpg,5
116449,./dataset/Images/AF1178.jpg,5
117188,./dataset/Images/AF1843.jpg,5
117439,./dataset/Images/AF269.jpg,5
123532,./dataset/Images/AF802.jpg,1
127288,./dataset/Images/AF1032.jpg,5
127415,./dataset/Images/AF1147.jpg,5
127663,./dataset/Images/AF1370.jpg,5
127694,./dataset/Images/AF1399.jpg,5
127731,./dataset/Images/AF1431.jpg,5
127810,./dataset/Images/AF1502.jpg,5
127825,./dataset/Images/AF1516.jpg,5
127855,./dataset/Images/AF1543.jpg,5
127870,./dataset/Images/AF1557.jpg,5
127880,./dataset/Images/AF1566.jpg,5
127890,./dataset/Images/AF1575.jpg,5
127916,./dataset/Images/AF1599.jpg,5
128060,./dataset/Images/AF1728.jpg,5
128099,./dataset/Images/AF1763.jpg,5
128198,./dataset/Images/AF1852.jpg,5
128364,./dataset/Images/AF2000.jpg,5
132808,./dataset/Images/AF1050.jpg,5
132855,./dataset/Images/AF1093.jpg,5
133031,./dataset/Images/AF1251.jpg,5
133083,./dataset/Images/AF1299.jpg,5
133117,./dataset/Images/AF1329.jpg,5
133145,./dataset/Images/AF1354.jpg,5
133208,./dataset/Images/AF1410.jpg,5
133283,./dataset/Images/AF1479.jpg,5
133326,./dataset/Images/AF1517.jpg,5
133353,./dataset/Images/AF1541.jpg,5
133414,./dataset/Images/AF1597.jpg,5
133415,./dataset/Images/AF1598.jpg,5
133471,./dataset/Images/AF1648.jpg,5
133485,./dataset/Images/AF1660.jpg,5
133489,./dataset/Images/AF1664.jpg,5
133491,./dataset/Images/AF1666.jpg,5
133513,./dataset/Images/AF1686.jpg,5
133633,./dataset/Images/AF1794.jpg,5
133634,./dataset/Images/AF1795.jpg,5
133680,./dataset/Images/AF1836.jpg,5
133694,./dataset/Images/AF1849.jpg,5
133791,./dataset/Images/AF1936.jpg,5
133813,./dataset/Images/AF1956.jpg,5
134036,./dataset/Images/AF356.jpg,5
134253,./dataset/Images/AF551.jpg,5
134496,./dataset/Images/AF770.jpg,5
134635,./dataset/Images/AF896.jpg,5
138469,./dataset/Images/AF1196.jpg,5
138928,./dataset/Images/AF1609.jpg,5
139014,./dataset/Images/AF1687.jpg,5
139201,./dataset/Images/AF1855.jpg,5
140198,./dataset/Images/AF952.jpg,5
143757,./dataset/Images/AF1004.jpg,5
143779,./dataset/Images/AF1024.jpg,5
143878,./dataset/Images/AF1113.jpg,5
143921,./dataset/Images/AF1152.jpg,5
143977,./dataset/Images/AF1202.jpg,5
143981,./dataset/Images/AF1206.jpg,5
144025,./dataset/Images/AF1246.jpg,5
144027,./dataset/Images/AF1248.jpg,5
144038,./dataset/Images/AF1258.jpg,5
144102,./dataset/Images/AF1315.jpg,5
144169,./dataset/Images/AF1376.jpg,5
144219,./dataset/Images/AF1420.jpg,5
144220,./dataset/Images/AF1421.jpg,5
144369,./dataset/Images/AF1556.jpg,5
144448,./dataset/Images/AF1627.jpg,5
144527,./dataset/Images/AF1699.jpg,5
144564,./dataset/Images/AF1731.jpg,5
144646,./dataset/Images/AF1805.jpg,5
144664,./dataset/Images/AF1821.jpg,5
144800,./dataset/Images/AF1944.jpg,5
145104,./dataset/Images/AF417.jpg,5
145485,./dataset/Images/AF760.jpg,5
145597,./dataset/Images/AF861.jpg,5
145641,./dataset/Images/AF900.jpg,5
155898,./dataset/Images/AF231.jpg,1
156131,./dataset/Images/AF441.jpg,1
156684,./dataset/Images/AF94.jpg,1
160722,./dataset/Images/AF1423.jpg,5
160743,./dataset/Images/AF1442.jpg,5
160812,./dataset/Images/AF1504.jpg,5
161193,./dataset/Images/AF1848.jpg,5
161653,./dataset/Images/AF461.jpg,1
166044,./dataset/Images/AF1263.jpg,5
171285,./dataset/Images/AF103.jpg,1
171311,./dataset/Images/AF1053.jpg,1
171331,./dataset/Images/AF1071.jpg,1
171333,./dataset/Images/AF1073.jpg,1
171343,./dataset/Images/AF1082.jpg,1
171349,./dataset/Images/AF1088.jpg,5
171412,./dataset/Images/AF1144.jpg,1
171419,./dataset/Images/AF1150.jpg,1
171434,./dataset/Images/AF1164.jpg,1
171474,./dataset/Images/AF120.jpg,1
171556,./dataset/Images/AF1274.jpg,1
171610,./dataset/Images/AF1322.jpg,1
171611,./dataset/Images/AF1323.jpg,1
171742,./dataset/Images/AF1441.jpg,1
171766,./dataset/Images/AF1463.jpg,1
171773,./dataset/Images/AF147.jpg,1
171821,./dataset/Images/AF1512.jpg,1
171965,./dataset/Images/AF1642.jpg,1
171973,./dataset/Images/AF165.jpg,1
172004,./dataset/Images/AF1678.jpg,1
172148,./dataset/Images/AF1807.jpg,1
172229,./dataset/Images/AF1880.jpg,1
172295,./dataset/Images/AF194.jpg,1
172308,./dataset/Images/AF1951.jpg,1
172319,./dataset/Images/AF1961.jpg,1
172377,./dataset/Images/AF212.jpg,1
172381,./dataset/Images/AF216.jpg,1
172440,./dataset/Images/AF27.jpg,1
172450,./dataset/Images/AF279.jpg,1
172469,./dataset/Images/AF296.jpg,1
172478,./dataset/Images/AF303.jpg,1
172503,./dataset/Images/AF326.jpg,1
172547,./dataset/Images/AF366.jpg,1
172619,./dataset/Images/AF430.jpg,1
172649,./dataset/Images/AF458.jpg,1
172662,./dataset/Images/AF47.jpg,1
172706,./dataset/Images/AF509.jpg,1
172711,./dataset/Images/AF513.jpg,1
172725,./dataset/Images/AF526.jpg,1
172803,./dataset/Images/AF597.jpg,1
172833,./dataset/Images/AF623.jpg,1
172876,./dataset/Images/AF662.jpg,1
172880,./dataset/Images/AF666.jpg,1
172988,./dataset/Images/AF763.jpg,1
173000,./dataset/Images/AF774.jpg,1
173006,./dataset/Images/AF78.jpg,1
173055,./dataset/Images/AF823.jpg,1
173106,./dataset/Images/AF87.jpg,1
173151,./dataset/Images/AF91.jpg,1
173194,./dataset/Images/AF949.jpg,1
173202,./dataset/Images/AF956.jpg,5
182410,./dataset/Images/AF1142.jpg,1
182502,./dataset/Images/AF1225.jpg,1
182788,./dataset/Images/AF1483.jpg,1
182790,./dataset/Images/AF1485.jpg,1
182813,./dataset/Images/AF1505.jpg,1
183110,./dataset/Images/AF1773.jpg,1
183386,./dataset/Images/AF220.jpg,1
183466,./dataset/Images/AF293.jpg,1
183864,./dataset/Images/AF651.jpg,1
183932,./dataset/Images/AF712.jpg,1
184028,./dataset/Images/AF8.jpg,1
184042,./dataset/Images/AF811.jpg,1
187796,./dataset/Images/AF104.jpg,1
187839,./dataset/Images/AF1079.jpg,1
187906,./dataset/Images/AF1139.jpg,1
188123,./dataset/Images/AF1334.jpg,5
188341,./dataset/Images/AF1530.jpg,5
188346,./dataset/Images/AF1535.jpg,5
188468,./dataset/Images/AF1645.jpg,5
188483,./dataset/Images/AF1659.jpg,5
188497,./dataset/Images/AF1671.jpg,5
188583,./dataset/Images/AF1749.jpg,5
188627,./dataset/Images/AF1789.jpg,5
188715,./dataset/Images/AF1868.jpg,5
188724,./dataset/Images/AF1876.jpg,1
188748,./dataset/Images/AF1898.jpg,5
188874,./dataset/Images/AF21.jpg,1
188897,./dataset/Images/AF230.jpg,1
188907,./dataset/Images/AF24.jpg,1
188998,./dataset/Images/AF321.jpg,1
189008,./dataset/Images/AF330.jpg,5
189145,./dataset/Images/AF454.jpg,1
189148,./dataset/Images/AF457.jpg,1
189281,./dataset/Images/AF577.jpg,1
189338,./dataset/Images/AF628.jpg,1
189347,./dataset/Images/AF636.jpg,5
189367,./dataset/Images/AF654.jpg,1
189371,./dataset/Images/AF658.jpg,1
189383,./dataset/Images/AF669.jpg,1
189416,./dataset/Images/AF699.jpg,5
189511,./dataset/Images/AF784.jpg,5
189736,./dataset/Images/AF987.jpg,5
193540,./dataset/Images/AF126.jpg,1
194405,./dataset/Images/AF238.jpg,1
194957,./dataset/Images/AF735.jpg,1
220834,./dataset/Images/AF1074.jpg,5
220994,./dataset/Images/AF1218.jpg,5
222238,./dataset/Images/AF538.jpg,5
222344,./dataset/Images/AF633.jpg,5
222679,./dataset/Images/AF935.jpg,1
227413,./dataset/Images/AF245.jpg,1
227581,./dataset/Images/AF397.jpg,1
227709,./dataset/Images/AF511.jpg,1
227902,./dataset/Images/AF686.jpg,1
227938,./dataset/Images/AF718.jpg,1
228048,./dataset/Images/AF817.jpg,1
228205,./dataset/Images/AF959.jpg,1
232754,./dataset/Images/AF1902.jpg,5
233732,./dataset/Images/AF983.jpg,5
237312,./dataset/Images/AF1054.jpg,5
237400,./dataset/Images/AF1133.jpg,5
237401,./dataset/Images/AF1134.jpg,5
237476,./dataset/Images/AF1201.jpg,5
237493,./dataset/Images/AF1217.jpg,5
237505,./dataset/Images/AF1228.jpg,5
237553,./dataset/Images/AF1271.jpg,5
237570,./dataset/Images/AF1287.jpg,5
237584,./dataset/Images/AF13.jpg,5
237628,./dataset/Images/AF1339.jpg,5
237644,./dataset/Images/AF1353.jpg,5
237668,./dataset/Images/AF1375.jpg,5
237787,./dataset/Images/AF1482.jpg,5
237811,./dataset/Images/AF1503.jpg,5
237838,./dataset/Images/AF1528.jpg,5
237863,./dataset/Images/AF1550.jpg,5
237979,./dataset/Images/AF1655.jpg,5
237981,./dataset/Images/AF1657.jpg,5
238018,./dataset/Images/AF1690.jpg,5
238019,./dataset/Images/AF1691.jpg,5
238026,./dataset/Images/AF1698.jpg,5
238081,./dataset/Images/AF1747.jpg,5
238088,./dataset/Images/AF1753.jpg,5
238257,./dataset/Images/AF1905.jpg,5
238282,./dataset/Images/AF1928.jpg,5
238292,./dataset/Images/AF1937.jpg,5
238342,./dataset/Images/AF1982.jpg,5
238433,./dataset/Images/AF263.jpg,5
238484,./dataset/Images/AF309.jpg,5
238656,./dataset/Images/AF464.jpg,5
238658,./dataset/Images/AF466.jpg,5
238858,./dataset/Images/AF646.jpg,5
239091,./dataset/Images/AF856.jpg,5
239094,./dataset/Images/AF859.jpg,5
239150,./dataset/Images/AF909.jpg,5
243684,./dataset/Images/AF184.jpg,5
248332,./dataset/Images/AF1072.jpg,5
248548,./dataset/Images/AF1267.jpg,5
249258,./dataset/Images/AF1906.jpg,5
249629,./dataset/Images/AF44.jpg,5
249726,./dataset/Images/AF527.jpg,5
249895,./dataset/Images/AF68.jpg,5
250027,./dataset/Images/AF799.jpg,5
250079,./dataset/Images/AF845.jpg,5
250082,./dataset/Images/AF848.jpg,5
254860,./dataset/Images/AF1999.jpg,1
259292,./dataset/Images/AF1036.jpg,1
259479,./dataset/Images/AF1204.jpg,1
259573,./dataset/Images/AF129.jpg,1
259596,./dataset/Images/AF131.jpg,1
259627,./dataset/Images/AF1338.jpg,1
259701,./dataset/Images/AF1404.jpg,1
259762,./dataset/Images/AF146.jpg,1
260140,./dataset/Images/AF180.jpg,1
260372,./dataset/Images/AF208.jpg,1
260373,./dataset/Images/AF209.jpg,1
260402,./dataset/Images/AF235.jpg,1
260448,./dataset/Images/AF277.jpg,1
260463,./dataset/Images/AF290.jpg,1
260487,./dataset/Images/AF311.jpg,1
260505,./dataset/Images/AF328.jpg,1
260506,./dataset/Images/AF329.jpg,1
260507,./dataset/Images/AF33.jpg,1
260521,./dataset/Images/AF342.jpg,1
260522,./dataset/Images/AF343.jpg,1
260569,./dataset/Images/AF386.jpg,1
260578,./dataset/Images/AF394.jpg,1
260590,./dataset/Images/AF404.jpg,1
260616,./dataset/Images/AF428.jpg,1
260688,./dataset/Images/AF493.jpg,1
260784,./dataset/Images/AF58.jpg,1
260785,./dataset/Images/AF580.jpg,1
260805,./dataset/Images/AF599.jpg,1
260812,./dataset/Images/AF604.jpg,1
260828,./dataset/Images/AF619.jpg,1
260852,./dataset/Images/AF640.jpg,1
260897,./dataset/Images/AF681.jpg,1
260923,./dataset/Images/AF704.jpg,1
260968,./dataset/Images/AF745.jpg,1
260990,./dataset/Images/AF765.jpg,1
261018,./dataset/Images/AF790.jpg,1
261031,./dataset/Images/AF801.jpg,1
261116,./dataset/Images/AF879.jpg,1
261167,./dataset/Images/AF924.jpg,1
265472,./dataset/Images/AF1649.jpg,5
265879,./dataset/Images/AF214.jpg,1
266093,./dataset/Images/AF407.jpg,5
266621,./dataset/Images/AF883.jpg,5
271207,./dataset/Images/AF1860.jpg,5
271217,./dataset/Images/AF187.jpg,1
271279,./dataset/Images/AF1925.jpg,5
271288,./dataset/Images/AF1933.jpg,5
271626,./dataset/Images/AF437.jpg,5
271661,./dataset/Images/AF469.jpg,1
271727,./dataset/Images/AF528.jpg,1
272115,./dataset/Images/AF878.jpg,1
272242,./dataset/Images/AF992.jpg,1
293779,./dataset/Images/AF575.jpg,5
293921,./dataset/Images/AF702.jpg,5
298750,./dataset/Images/AF19.jpg,5
298904,./dataset/Images/AF237.jpg,1
298974,./dataset/Images/AF30.jpg,5
299334,./dataset/Images/AF624.jpg,1
303640,./dataset/Images/AF135.jpg,1
308863,./dataset/Images/AF110.jpg,5
309080,./dataset/Images/AF1296.jpg,1
310213,./dataset/Images/AF515.jpg,5
310578,./dataset/Images/AF844.jpg,1
320016,./dataset/Images/AF1238.jpg,1
321558,./dataset/Images/AF826.jpg,1
325764,./dataset/Images/AF1461.jpg,5
325775,./dataset/Images/AF1471.jpg,5
326694,./dataset/Images/AF499.jpg,5
