path,class
image/lfw_onlya/Al_Sharpton/Al_Sharpton_0007.jpg,Al_Sharpton
image/lfw_onlya/Al_Sharpton/Al_Sharpton_0006.jpg,Al_Sharpton
image/lfw_onlya/Al_Sharpton/Al_Sharpton_0004.jpg,Al_Sharpton
image/lfw_onlya/Al_Sharpton/Al_Sharpton_0005.jpg,Al_Sharpton
image/lfw_onlya/Al_Sharpton/Al_Sharpton_0001.jpg,Al_Sharpton
image/lfw_onlya/Al_Sharpton/Al_Sharpton_0002.jpg,Al_Sharpton
image/lfw_onlya/Al_Sharpton/Al_Sharpton_0003.jpg,Al_Sharpton
image/lfw_onlya/Art_Howe/Art_Howe_0004.jpg,Art_Howe
image/lfw_onlya/Art_Howe/Art_Howe_0003.jpg,Art_Howe
image/lfw_onlya/Art_Howe/Art_Howe_0002.jpg,Art_Howe
image/lfw_onlya/Art_Howe/Art_Howe_0001.jpg,Art_Howe
image/lfw_onlya/Alec_Baldwin/Alec_Baldwin_0001.jpg,Alec_Baldwin
image/lfw_onlya/Alec_Baldwin/Alec_Baldwin_0002.jpg,Alec_Baldwin
image/lfw_onlya/Alec_Baldwin/Alec_Baldwin_0003.jpg,Alec_Baldwin
image/lfw_onlya/Alec_Baldwin/Alec_Baldwin_0004.jpg,Alec_Baldwin
image/lfw_onlya/Alan_Greenspan/Alan_Greenspan_0005.jpg,Alan_Greenspan
image/lfw_onlya/Alan_Greenspan/Alan_Greenspan_0004.jpg,Alan_Greenspan
image/lfw_onlya/Alan_Greenspan/Alan_Greenspan_0003.jpg,Alan_Greenspan
image/lfw_onlya/Alan_Greenspan/Alan_Greenspan_0002.jpg,Alan_Greenspan
image/lfw_onlya/Alan_Greenspan/Alan_Greenspan_0001.jpg,Alan_Greenspan
image/lfw_onlya/Antonio_Banderas/Antonio_Banderas_0002.jpg,Antonio_Banderas
image/lfw_onlya/Antonio_Banderas/Antonio_Banderas_0003.jpg,Antonio_Banderas
image/lfw_onlya/Antonio_Banderas/Antonio_Banderas_0001.jpg,Antonio_Banderas
image/lfw_onlya/Antonio_Banderas/Antonio_Banderas_0004.jpg,Antonio_Banderas
image/lfw_onlya/Antonio_Banderas/Antonio_Banderas_0005.jpg,Antonio_Banderas
image/lfw_onlya/Abdoulaye_Wade/Abdoulaye_Wade_0003.jpg,Abdoulaye_Wade
image/lfw_onlya/Abdoulaye_Wade/Abdoulaye_Wade_0002.jpg,Abdoulaye_Wade
image/lfw_onlya/Abdoulaye_Wade/Abdoulaye_Wade_0001.jpg,Abdoulaye_Wade
image/lfw_onlya/Abdoulaye_Wade/Abdoulaye_Wade_0004.jpg,Abdoulaye_Wade
image/lfw_onlya/Arminio_Fraga/Arminio_Fraga_0005.jpg,Arminio_Fraga
image/lfw_onlya/Arminio_Fraga/Arminio_Fraga_0004.jpg,Arminio_Fraga
image/lfw_onlya/Arminio_Fraga/Arminio_Fraga_0006.jpg,Arminio_Fraga
image/lfw_onlya/Arminio_Fraga/Arminio_Fraga_0003.jpg,Arminio_Fraga
image/lfw_onlya/Arminio_Fraga/Arminio_Fraga_0002.jpg,Arminio_Fraga
image/lfw_onlya/Arminio_Fraga/Arminio_Fraga_0001.jpg,Arminio_Fraga
image/lfw_onlya/Ana_Palacio/Ana_Palacio_0002.jpg,Ana_Palacio
image/lfw_onlya/Ana_Palacio/Ana_Palacio_0003.jpg,Ana_Palacio
image/lfw_onlya/Ana_Palacio/Ana_Palacio_0001.jpg,Ana_Palacio
image/lfw_onlya/Ana_Palacio/Ana_Palacio_0004.jpg,Ana_Palacio
image/lfw_onlya/Ana_Palacio/Ana_Palacio_0005.jpg,Ana_Palacio
image/lfw_onlya/Ana_Palacio/Ana_Palacio_0007.jpg,Ana_Palacio
image/lfw_onlya/Ana_Palacio/Ana_Palacio_0006.jpg,Ana_Palacio
image/lfw_onlya/Ana_Palacio/Ana_Palacio_0008.jpg,Ana_Palacio
image/lfw_onlya/Alvaro_Silva_Calderon/Alvaro_Silva_Calderon_0001.jpg,Alvaro_Silva_Calderon
image/lfw_onlya/Alvaro_Silva_Calderon/Alvaro_Silva_Calderon_0002.jpg,Alvaro_Silva_Calderon
image/lfw_onlya/Alvaro_Silva_Calderon/Alvaro_Silva_Calderon_0003.jpg,Alvaro_Silva_Calderon
image/lfw_onlya/Alvaro_Silva_Calderon/Alvaro_Silva_Calderon_0004.jpg,Alvaro_Silva_Calderon
image/lfw_onlya/Amelia_Vega/Amelia_Vega_0001.jpg,Amelia_Vega
image/lfw_onlya/Amelia_Vega/Amelia_Vega_0002.jpg,Amelia_Vega
image/lfw_onlya/Amelia_Vega/Amelia_Vega_0003.jpg,Amelia_Vega
image/lfw_onlya/Amelia_Vega/Amelia_Vega_0007.jpg,Amelia_Vega
image/lfw_onlya/Amelia_Vega/Amelia_Vega_0006.jpg,Amelia_Vega
image/lfw_onlya/Amelia_Vega/Amelia_Vega_0004.jpg,Amelia_Vega
image/lfw_onlya/Amelia_Vega/Amelia_Vega_0005.jpg,Amelia_Vega
image/lfw_onlya/Alastair_Campbell/Alastair_Campbell_0001.jpg,Alastair_Campbell
image/lfw_onlya/Alastair_Campbell/Alastair_Campbell_0002.jpg,Alastair_Campbell
image/lfw_onlya/Alastair_Campbell/Alastair_Campbell_0003.jpg,Alastair_Campbell
image/lfw_onlya/Alastair_Campbell/Alastair_Campbell_0004.jpg,Alastair_Campbell
image/lfw_onlya/Alastair_Campbell/Alastair_Campbell_0005.jpg,Alastair_Campbell
image/lfw_onlya/Arianna_Huffington/Arianna_Huffington_0002.jpg,Arianna_Huffington
image/lfw_onlya/Arianna_Huffington/Arianna_Huffington_0003.jpg,Arianna_Huffington
image/lfw_onlya/Arianna_Huffington/Arianna_Huffington_0001.jpg,Arianna_Huffington
image/lfw_onlya/Arianna_Huffington/Arianna_Huffington_0004.jpg,Arianna_Huffington
image/lfw_onlya/Alexander_Downer/Alexander_Downer_0003.jpg,Alexander_Downer
image/lfw_onlya/Alexander_Downer/Alexander_Downer_0002.jpg,Alexander_Downer
image/lfw_onlya/Alexander_Downer/Alexander_Downer_0001.jpg,Alexander_Downer
image/lfw_onlya/Alexander_Downer/Alexander_Downer_0004.jpg,Alexander_Downer
image/lfw_onlya/Albert_Costa/Albert_Costa_0004.jpg,Albert_Costa
image/lfw_onlya/Albert_Costa/Albert_Costa_0005.jpg,Albert_Costa
image/lfw_onlya/Albert_Costa/Albert_Costa_0006.jpg,Albert_Costa
image/lfw_onlya/Albert_Costa/Albert_Costa_0002.jpg,Albert_Costa
image/lfw_onlya/Albert_Costa/Albert_Costa_0003.jpg,Albert_Costa
image/lfw_onlya/Albert_Costa/Albert_Costa_0001.jpg,Albert_Costa
image/lfw_onlya/Abdullah/Abdullah_0004.jpg,Abdullah
image/lfw_onlya/Abdullah/Abdullah_0001.jpg,Abdullah
image/lfw_onlya/Abdullah/Abdullah_0002.jpg,Abdullah
image/lfw_onlya/Abdullah/Abdullah_0003.jpg,Abdullah
image/lfw_onlya/Angela_Merkel/Angela_Merkel_0005.jpg,Angela_Merkel
image/lfw_onlya/Angela_Merkel/Angela_Merkel_0004.jpg,Angela_Merkel
image/lfw_onlya/Angela_Merkel/Angela_Merkel_0003.jpg,Angela_Merkel
image/lfw_onlya/Angela_Merkel/Angela_Merkel_0002.jpg,Angela_Merkel
image/lfw_onlya/Angela_Merkel/Angela_Merkel_0001.jpg,Angela_Merkel
image/lfw_onlya/Arnold_Schwarzenegger/Arnold_Schwarzenegger_0025.jpg,Arnold_Schwarzenegger
image/lfw_onlya/Arnold_Schwarzenegger/Arnold_Schwarzenegger_0031.jpg,Arnold_Schwarzenegger
image/lfw_onlya/Arnold_Schwarzenegger/Arnold_Schwarzenegger_0019.jpg,Arnold_Schwarzenegger
image/lfw_onlya/Arnold_Schwarzenegger/Arnold_Schwarzenegger_0018.jpg,Arnold_Schwarzenegger
image/lfw_onlya/Arnold_Schwarzenegger/Arnold_Schwarzenegger_0030.jpg,Arnold_Schwarzenegger
image/lfw_onlya/Arnold_Schwarzenegger/Arnold_Schwarzenegger_0024.jpg,Arnold_Schwarzenegger
image/lfw_onlya/Arnold_Schwarzenegger/Arnold_Schwarzenegger_0032.jpg,Arnold_Schwarzenegger
image/lfw_onlya/Arnold_Schwarzenegger/Arnold_Schwarzenegger_0026.jpg,Arnold_Schwarzenegger
image/lfw_onlya/Arnold_Schwarzenegger/Arnold_Schwarzenegger_0027.jpg,Arnold_Schwarzenegger
image/lfw_onlya/Arnold_Schwarzenegger/Arnold_Schwarzenegger_0033.jpg,Arnold_Schwarzenegger
image/lfw_onlya/Arnold_Schwarzenegger/Arnold_Schwarzenegger_0037.jpg,Arnold_Schwarzenegger
image/lfw_onlya/Arnold_Schwarzenegger/Arnold_Schwarzenegger_0023.jpg,Arnold_Schwarzenegger
image/lfw_onlya/Arnold_Schwarzenegger/Arnold_Schwarzenegger_0022.jpg,Arnold_Schwarzenegger
image/lfw_onlya/Arnold_Schwarzenegger/Arnold_Schwarzenegger_0036.jpg,Arnold_Schwarzenegger
image/lfw_onlya/Arnold_Schwarzenegger/Arnold_Schwarzenegger_0008.jpg,Arnold_Schwarzenegger
image/lfw_onlya/Arnold_Schwarzenegger/Arnold_Schwarzenegger_0020.jpg,Arnold_Schwarzenegger
image/lfw_onlya/Arnold_Schwarzenegger/Arnold_Schwarzenegger_0034.jpg,Arnold_Schwarzenegger
image/lfw_onlya/Arnold_Schwarzenegger/Arnold_Schwarzenegger_0035.jpg,Arnold_Schwarzenegger
image/lfw_onlya/Arnold_Schwarzenegger/Arnold_Schwarzenegger_0021.jpg,Arnold_Schwarzenegger
image/lfw_onlya/Arnold_Schwarzenegger/Arnold_Schwarzenegger_0009.jpg,Arnold_Schwarzenegger
image/lfw_onlya/Arnold_Schwarzenegger/Arnold_Schwarzenegger_0040.jpg,Arnold_Schwarzenegger
image/lfw_onlya/Arnold_Schwarzenegger/Arnold_Schwarzenegger_0041.jpg,Arnold_Schwarzenegger
image/lfw_onlya/Arnold_Schwarzenegger/Arnold_Schwarzenegger_0042.jpg,Arnold_Schwarzenegger
image/lfw_onlya/Arnold_Schwarzenegger/Arnold_Schwarzenegger_0004.jpg,Arnold_Schwarzenegger
image/lfw_onlya/Arnold_Schwarzenegger/Arnold_Schwarzenegger_0010.jpg,Arnold_Schwarzenegger
image/lfw_onlya/Arnold_Schwarzenegger/Arnold_Schwarzenegger_0038.jpg,Arnold_Schwarzenegger
image/lfw_onlya/Arnold_Schwarzenegger/Arnold_Schwarzenegger_0039.jpg,Arnold_Schwarzenegger
image/lfw_onlya/Arnold_Schwarzenegger/Arnold_Schwarzenegger_0011.jpg,Arnold_Schwarzenegger
image/lfw_onlya/Arnold_Schwarzenegger/Arnold_Schwarzenegger_0005.jpg,Arnold_Schwarzenegger
image/lfw_onlya/Arnold_Schwarzenegger/Arnold_Schwarzenegger_0013.jpg,Arnold_Schwarzenegger
image/lfw_onlya/Arnold_Schwarzenegger/Arnold_Schwarzenegger_0007.jpg,Arnold_Schwarzenegger
image/lfw_onlya/Arnold_Schwarzenegger/Arnold_Schwarzenegger_0006.jpg,Arnold_Schwarzenegger
image/lfw_onlya/Arnold_Schwarzenegger/Arnold_Schwarzenegger_0012.jpg,Arnold_Schwarzenegger
image/lfw_onlya/Arnold_Schwarzenegger/Arnold_Schwarzenegger_0016.jpg,Arnold_Schwarzenegger
image/lfw_onlya/Arnold_Schwarzenegger/Arnold_Schwarzenegger_0002.jpg,Arnold_Schwarzenegger
image/lfw_onlya/Arnold_Schwarzenegger/Arnold_Schwarzenegger_0003.jpg,Arnold_Schwarzenegger
image/lfw_onlya/Arnold_Schwarzenegger/Arnold_Schwarzenegger_0017.jpg,Arnold_Schwarzenegger
image/lfw_onlya/Arnold_Schwarzenegger/Arnold_Schwarzenegger_0029.jpg,Arnold_Schwarzenegger
image/lfw_onlya/Arnold_Schwarzenegger/Arnold_Schwarzenegger_0001.jpg,Arnold_Schwarzenegger
image/lfw_onlya/Arnold_Schwarzenegger/Arnold_Schwarzenegger_0015.jpg,Arnold_Schwarzenegger
image/lfw_onlya/Arnold_Schwarzenegger/Arnold_Schwarzenegger_0014.jpg,Arnold_Schwarzenegger
image/lfw_onlya/Arnold_Schwarzenegger/Arnold_Schwarzenegger_0028.jpg,Arnold_Schwarzenegger
image/lfw_onlya/Abdullah_Gul/Abdullah_Gul_0019.jpg,Abdullah_Gul
image/lfw_onlya/Abdullah_Gul/Abdullah_Gul_0018.jpg,Abdullah_Gul
image/lfw_onlya/Abdullah_Gul/Abdullah_Gul_0008.jpg,Abdullah_Gul
image/lfw_onlya/Abdullah_Gul/Abdullah_Gul_0009.jpg,Abdullah_Gul
image/lfw_onlya/Abdullah_Gul/Abdullah_Gul_0007.jpg,Abdullah_Gul
image/lfw_onlya/Abdullah_Gul/Abdullah_Gul_0013.jpg,Abdullah_Gul
image/lfw_onlya/Abdullah_Gul/Abdullah_Gul_0012.jpg,Abdullah_Gul
image/lfw_onlya/Abdullah_Gul/Abdullah_Gul_0006.jpg,Abdullah_Gul
image/lfw_onlya/Abdullah_Gul/Abdullah_Gul_0010.jpg,Abdullah_Gul
image/lfw_onlya/Abdullah_Gul/Abdullah_Gul_0004.jpg,Abdullah_Gul
image/lfw_onlya/Abdullah_Gul/Abdullah_Gul_0005.jpg,Abdullah_Gul
image/lfw_onlya/Abdullah_Gul/Abdullah_Gul_0011.jpg,Abdullah_Gul
image/lfw_onlya/Abdullah_Gul/Abdullah_Gul_0015.jpg,Abdullah_Gul
image/lfw_onlya/Abdullah_Gul/Abdullah_Gul_0001.jpg,Abdullah_Gul
image/lfw_onlya/Abdullah_Gul/Abdullah_Gul_0014.jpg,Abdullah_Gul
image/lfw_onlya/Abdullah_Gul/Abdullah_Gul_0002.jpg,Abdullah_Gul
image/lfw_onlya/Abdullah_Gul/Abdullah_Gul_0016.jpg,Abdullah_Gul
image/lfw_onlya/Abdullah_Gul/Abdullah_Gul_0017.jpg,Abdullah_Gul
image/lfw_onlya/Abdullah_Gul/Abdullah_Gul_0003.jpg,Abdullah_Gul
image/lfw_onlya/Allyson_Felix/Allyson_Felix_0001.jpg,Allyson_Felix
image/lfw_onlya/Allyson_Felix/Allyson_Felix_0002.jpg,Allyson_Felix
image/lfw_onlya/Allyson_Felix/Allyson_Felix_0003.jpg,Allyson_Felix
image/lfw_onlya/Allyson_Felix/Allyson_Felix_0004.jpg,Allyson_Felix
image/lfw_onlya/Allyson_Felix/Allyson_Felix_0005.jpg,Allyson_Felix
image/lfw_onlya/Antony_Leung/Antony_Leung_0003.jpg,Antony_Leung
image/lfw_onlya/Antony_Leung/Antony_Leung_0002.jpg,Antony_Leung
image/lfw_onlya/Antony_Leung/Antony_Leung_0001.jpg,Antony_Leung
image/lfw_onlya/Antony_Leung/Antony_Leung_0004.jpg,Antony_Leung
image/lfw_onlya/Alejandro_Toledo/Alejandro_Toledo_0029.jpg,Alejandro_Toledo
image/lfw_onlya/Alejandro_Toledo/Alejandro_Toledo_0001.jpg,Alejandro_Toledo
image/lfw_onlya/Alejandro_Toledo/Alejandro_Toledo_0015.jpg,Alejandro_Toledo
image/lfw_onlya/Alejandro_Toledo/Alejandro_Toledo_0014.jpg,Alejandro_Toledo
image/lfw_onlya/Alejandro_Toledo/Alejandro_Toledo_0028.jpg,Alejandro_Toledo
image/lfw_onlya/Alejandro_Toledo/Alejandro_Toledo_0016.jpg,Alejandro_Toledo
image/lfw_onlya/Alejandro_Toledo/Alejandro_Toledo_0002.jpg,Alejandro_Toledo
image/lfw_onlya/Alejandro_Toledo/Alejandro_Toledo_0003.jpg,Alejandro_Toledo
image/lfw_onlya/Alejandro_Toledo/Alejandro_Toledo_0017.jpg,Alejandro_Toledo
image/lfw_onlya/Alejandro_Toledo/Alejandro_Toledo_0013.jpg,Alejandro_Toledo
image/lfw_onlya/Alejandro_Toledo/Alejandro_Toledo_0007.jpg,Alejandro_Toledo
image/lfw_onlya/Alejandro_Toledo/Alejandro_Toledo_0006.jpg,Alejandro_Toledo
image/lfw_onlya/Alejandro_Toledo/Alejandro_Toledo_0012.jpg,Alejandro_Toledo
image/lfw_onlya/Alejandro_Toledo/Alejandro_Toledo_0004.jpg,Alejandro_Toledo
image/lfw_onlya/Alejandro_Toledo/Alejandro_Toledo_0010.jpg,Alejandro_Toledo
image/lfw_onlya/Alejandro_Toledo/Alejandro_Toledo_0038.jpg,Alejandro_Toledo
image/lfw_onlya/Alejandro_Toledo/Alejandro_Toledo_0039.jpg,Alejandro_Toledo
image/lfw_onlya/Alejandro_Toledo/Alejandro_Toledo_0011.jpg,Alejandro_Toledo
image/lfw_onlya/Alejandro_Toledo/Alejandro_Toledo_0005.jpg,Alejandro_Toledo
image/lfw_onlya/Alejandro_Toledo/Alejandro_Toledo_0008.jpg,Alejandro_Toledo
image/lfw_onlya/Alejandro_Toledo/Alejandro_Toledo_0020.jpg,Alejandro_Toledo
image/lfw_onlya/Alejandro_Toledo/Alejandro_Toledo_0034.jpg,Alejandro_Toledo
image/lfw_onlya/Alejandro_Toledo/Alejandro_Toledo_0035.jpg,Alejandro_Toledo
image/lfw_onlya/Alejandro_Toledo/Alejandro_Toledo_0021.jpg,Alejandro_Toledo
image/lfw_onlya/Alejandro_Toledo/Alejandro_Toledo_0009.jpg,Alejandro_Toledo
image/lfw_onlya/Alejandro_Toledo/Alejandro_Toledo_0037.jpg,Alejandro_Toledo
image/lfw_onlya/Alejandro_Toledo/Alejandro_Toledo_0023.jpg,Alejandro_Toledo
image/lfw_onlya/Alejandro_Toledo/Alejandro_Toledo_0022.jpg,Alejandro_Toledo
image/lfw_onlya/Alejandro_Toledo/Alejandro_Toledo_0036.jpg,Alejandro_Toledo
image/lfw_onlya/Alejandro_Toledo/Alejandro_Toledo_0032.jpg,Alejandro_Toledo
image/lfw_onlya/Alejandro_Toledo/Alejandro_Toledo_0026.jpg,Alejandro_Toledo
image/lfw_onlya/Alejandro_Toledo/Alejandro_Toledo_0027.jpg,Alejandro_Toledo
image/lfw_onlya/Alejandro_Toledo/Alejandro_Toledo_0033.jpg,Alejandro_Toledo
image/lfw_onlya/Alejandro_Toledo/Alejandro_Toledo_0025.jpg,Alejandro_Toledo
image/lfw_onlya/Alejandro_Toledo/Alejandro_Toledo_0031.jpg,Alejandro_Toledo
image/lfw_onlya/Alejandro_Toledo/Alejandro_Toledo_0019.jpg,Alejandro_Toledo
image/lfw_onlya/Alejandro_Toledo/Alejandro_Toledo_0018.jpg,Alejandro_Toledo
image/lfw_onlya/Alejandro_Toledo/Alejandro_Toledo_0030.jpg,Alejandro_Toledo
image/lfw_onlya/Alejandro_Toledo/Alejandro_Toledo_0024.jpg,Alejandro_Toledo
image/lfw_onlya/Ahmed_Chalabi/Ahmed_Chalabi_0004.jpg,Ahmed_Chalabi
image/lfw_onlya/Ahmed_Chalabi/Ahmed_Chalabi_0005.jpg,Ahmed_Chalabi
image/lfw_onlya/Ahmed_Chalabi/Ahmed_Chalabi_0002.jpg,Ahmed_Chalabi
image/lfw_onlya/Ahmed_Chalabi/Ahmed_Chalabi_0003.jpg,Ahmed_Chalabi
image/lfw_onlya/Ahmed_Chalabi/Ahmed_Chalabi_0001.jpg,Ahmed_Chalabi
image/lfw_onlya/Ariel_Sharon/Ariel_Sharon_0050.jpg,Ariel_Sharon
image/lfw_onlya/Ariel_Sharon/Ariel_Sharon_0044.jpg,Ariel_Sharon
image/lfw_onlya/Ariel_Sharon/Ariel_Sharon_0045.jpg,Ariel_Sharon
image/lfw_onlya/Ariel_Sharon/Ariel_Sharon_0051.jpg,Ariel_Sharon
image/lfw_onlya/Ariel_Sharon/Ariel_Sharon_0047.jpg,Ariel_Sharon
image/lfw_onlya/Ariel_Sharon/Ariel_Sharon_0053.jpg,Ariel_Sharon
image/lfw_onlya/Ariel_Sharon/Ariel_Sharon_0052.jpg,Ariel_Sharon
image/lfw_onlya/Ariel_Sharon/Ariel_Sharon_0046.jpg,Ariel_Sharon
image/lfw_onlya/Ariel_Sharon/Ariel_Sharon_0042.jpg,Ariel_Sharon
image/lfw_onlya/Ariel_Sharon/Ariel_Sharon_0056.jpg,Ariel_Sharon
image/lfw_onlya/Ariel_Sharon/Ariel_Sharon_0057.jpg,Ariel_Sharon
image/lfw_onlya/Ariel_Sharon/Ariel_Sharon_0043.jpg,Ariel_Sharon
image/lfw_onlya/Ariel_Sharon/Ariel_Sharon_0055.jpg,Ariel_Sharon
image/lfw_onlya/Ariel_Sharon/Ariel_Sharon_0041.jpg,Ariel_Sharon
image/lfw_onlya/Ariel_Sharon/Ariel_Sharon_0069.jpg,Ariel_Sharon
image/lfw_onlya/Ariel_Sharon/Ariel_Sharon_0068.jpg,Ariel_Sharon
image/lfw_onlya/Ariel_Sharon/Ariel_Sharon_0040.jpg,Ariel_Sharon
image/lfw_onlya/Ariel_Sharon/Ariel_Sharon_0054.jpg,Ariel_Sharon
image/lfw_onlya/Ariel_Sharon/Ariel_Sharon_0033.jpg,Ariel_Sharon
image/lfw_onlya/Ariel_Sharon/Ariel_Sharon_0027.jpg,Ariel_Sharon
image/lfw_onlya/Ariel_Sharon/Ariel_Sharon_0026.jpg,Ariel_Sharon
image/lfw_onlya/Ariel_Sharon/Ariel_Sharon_0032.jpg,Ariel_Sharon
image/lfw_onlya/Ariel_Sharon/Ariel_Sharon_0018.jpg,Ariel_Sharon
image/lfw_onlya/Ariel_Sharon/Ariel_Sharon_0024.jpg,Ariel_Sharon
image/lfw_onlya/Ariel_Sharon/Ariel_Sharon_0030.jpg,Ariel_Sharon
image/lfw_onlya/Ariel_Sharon/Ariel_Sharon_0031.jpg,Ariel_Sharon
image/lfw_onlya/Ariel_Sharon/Ariel_Sharon_0025.jpg,Ariel_Sharon
image/lfw_onlya/Ariel_Sharon/Ariel_Sharon_0019.jpg,Ariel_Sharon
image/lfw_onlya/Ariel_Sharon/Ariel_Sharon_0021.jpg,Ariel_Sharon
image/lfw_onlya/Ariel_Sharon/Ariel_Sharon_0035.jpg,Ariel_Sharon
image/lfw_onlya/Ariel_Sharon/Ariel_Sharon_0009.jpg,Ariel_Sharon
image/lfw_onlya/Ariel_Sharon/Ariel_Sharon_0008.jpg,Ariel_Sharon
image/lfw_onlya/Ariel_Sharon/Ariel_Sharon_0034.jpg,Ariel_Sharon
image/lfw_onlya/Ariel_Sharon/Ariel_Sharon_0020.jpg,Ariel_Sharon
image/lfw_onlya/Ariel_Sharon/Ariel_Sharon_0036.jpg,Ariel_Sharon
image/lfw_onlya/Ariel_Sharon/Ariel_Sharon_0022.jpg,Ariel_Sharon
image/lfw_onlya/Ariel_Sharon/Ariel_Sharon_0023.jpg,Ariel_Sharon
image/lfw_onlya/Ariel_Sharon/Ariel_Sharon_0037.jpg,Ariel_Sharon
image/lfw_onlya/Ariel_Sharon/Ariel_Sharon_0012.jpg,Ariel_Sharon
image/lfw_onlya/Ariel_Sharon/Ariel_Sharon_0006.jpg,Ariel_Sharon
image/lfw_onlya/Ariel_Sharon/Ariel_Sharon_0007.jpg,Ariel_Sharon
image/lfw_onlya/Ariel_Sharon/Ariel_Sharon_0013.jpg,Ariel_Sharon
image/lfw_onlya/Ariel_Sharon/Ariel_Sharon_0039.jpg,Ariel_Sharon
image/lfw_onlya/Ariel_Sharon/Ariel_Sharon_0005.jpg,Ariel_Sharon
image/lfw_onlya/Ariel_Sharon/Ariel_Sharon_0011.jpg,Ariel_Sharon
image/lfw_onlya/Ariel_Sharon/Ariel_Sharon_0010.jpg,Ariel_Sharon
image/lfw_onlya/Ariel_Sharon/Ariel_Sharon_0004.jpg,Ariel_Sharon
image/lfw_onlya/Ariel_Sharon/Ariel_Sharon_0038.jpg,Ariel_Sharon
image/lfw_onlya/Ariel_Sharon/Ariel_Sharon_0014.jpg,Ariel_Sharon
image/lfw_onlya/Ariel_Sharon/Ariel_Sharon_0028.jpg,Ariel_Sharon
image/lfw_onlya/Ariel_Sharon/Ariel_Sharon_0029.jpg,Ariel_Sharon
image/lfw_onlya/Ariel_Sharon/Ariel_Sharon_0015.jpg,Ariel_Sharon
image/lfw_onlya/Ariel_Sharon/Ariel_Sharon_0001.jpg,Ariel_Sharon
image/lfw_onlya/Ariel_Sharon/Ariel_Sharon_0017.jpg,Ariel_Sharon
image/lfw_onlya/Ariel_Sharon/Ariel_Sharon_0003.jpg,Ariel_Sharon
image/lfw_onlya/Ariel_Sharon/Ariel_Sharon_0002.jpg,Ariel_Sharon
image/lfw_onlya/Ariel_Sharon/Ariel_Sharon_0016.jpg,Ariel_Sharon
image/lfw_onlya/Ariel_Sharon/Ariel_Sharon_0059.jpg,Ariel_Sharon
image/lfw_onlya/Ariel_Sharon/Ariel_Sharon_0071.jpg,Ariel_Sharon
image/lfw_onlya/Ariel_Sharon/Ariel_Sharon_0065.jpg,Ariel_Sharon
image/lfw_onlya/Ariel_Sharon/Ariel_Sharon_0064.jpg,Ariel_Sharon
image/lfw_onlya/Ariel_Sharon/Ariel_Sharon_0070.jpg,Ariel_Sharon
image/lfw_onlya/Ariel_Sharon/Ariel_Sharon_0058.jpg,Ariel_Sharon
image/lfw_onlya/Ariel_Sharon/Ariel_Sharon_0066.jpg,Ariel_Sharon
image/lfw_onlya/Ariel_Sharon/Ariel_Sharon_0072.jpg,Ariel_Sharon
image/lfw_onlya/Ariel_Sharon/Ariel_Sharon_0073.jpg,Ariel_Sharon
image/lfw_onlya/Ariel_Sharon/Ariel_Sharon_0067.jpg,Ariel_Sharon
image/lfw_onlya/Ariel_Sharon/Ariel_Sharon_0063.jpg,Ariel_Sharon
image/lfw_onlya/Ariel_Sharon/Ariel_Sharon_0077.jpg,Ariel_Sharon
image/lfw_onlya/Ariel_Sharon/Ariel_Sharon_0076.jpg,Ariel_Sharon
image/lfw_onlya/Ariel_Sharon/Ariel_Sharon_0062.jpg,Ariel_Sharon
image/lfw_onlya/Ariel_Sharon/Ariel_Sharon_0074.jpg,Ariel_Sharon
image/lfw_onlya/Ariel_Sharon/Ariel_Sharon_0060.jpg,Ariel_Sharon
image/lfw_onlya/Ariel_Sharon/Ariel_Sharon_0048.jpg,Ariel_Sharon
image/lfw_onlya/Ariel_Sharon/Ariel_Sharon_0049.jpg,Ariel_Sharon
image/lfw_onlya/Ariel_Sharon/Ariel_Sharon_0061.jpg,Ariel_Sharon
image/lfw_onlya/Ariel_Sharon/Ariel_Sharon_0075.jpg,Ariel_Sharon
image/lfw_onlya/Angela_Bassett/Angela_Bassett_0001.jpg,Angela_Bassett
image/lfw_onlya/Angela_Bassett/Angela_Bassett_0003.jpg,Angela_Bassett
image/lfw_onlya/Angela_Bassett/Angela_Bassett_0002.jpg,Angela_Bassett
image/lfw_onlya/Angela_Bassett/Angela_Bassett_0006.jpg,Angela_Bassett
image/lfw_onlya/Angela_Bassett/Angela_Bassett_0005.jpg,Angela_Bassett
image/lfw_onlya/Angela_Bassett/Angela_Bassett_0004.jpg,Angela_Bassett
image/lfw_onlya/Adrien_Brody/Adrien_Brody_0012.jpg,Adrien_Brody
image/lfw_onlya/Adrien_Brody/Adrien_Brody_0006.jpg,Adrien_Brody
image/lfw_onlya/Adrien_Brody/Adrien_Brody_0007.jpg,Adrien_Brody
image/lfw_onlya/Adrien_Brody/Adrien_Brody_0005.jpg,Adrien_Brody
image/lfw_onlya/Adrien_Brody/Adrien_Brody_0011.jpg,Adrien_Brody
image/lfw_onlya/Adrien_Brody/Adrien_Brody_0010.jpg,Adrien_Brody
image/lfw_onlya/Adrien_Brody/Adrien_Brody_0004.jpg,Adrien_Brody
image/lfw_onlya/Adrien_Brody/Adrien_Brody_0001.jpg,Adrien_Brody
image/lfw_onlya/Adrien_Brody/Adrien_Brody_0003.jpg,Adrien_Brody
image/lfw_onlya/Adrien_Brody/Adrien_Brody_0002.jpg,Adrien_Brody
image/lfw_onlya/Adrien_Brody/Adrien_Brody_0009.jpg,Adrien_Brody
image/lfw_onlya/Adrien_Brody/Adrien_Brody_0008.jpg,Adrien_Brody
image/lfw_onlya/Atal_Bihari_Vajpayee/Atal_Bihari_Vajpayee_0019.jpg,Atal_Bihari_Vajpayee
image/lfw_onlya/Atal_Bihari_Vajpayee/Atal_Bihari_Vajpayee_0018.jpg,Atal_Bihari_Vajpayee
image/lfw_onlya/Atal_Bihari_Vajpayee/Atal_Bihari_Vajpayee_0024.jpg,Atal_Bihari_Vajpayee
image/lfw_onlya/Atal_Bihari_Vajpayee/Atal_Bihari_Vajpayee_0008.jpg,Atal_Bihari_Vajpayee
image/lfw_onlya/Atal_Bihari_Vajpayee/Atal_Bihari_Vajpayee_0020.jpg,Atal_Bihari_Vajpayee
image/lfw_onlya/Atal_Bihari_Vajpayee/Atal_Bihari_Vajpayee_0021.jpg,Atal_Bihari_Vajpayee
image/lfw_onlya/Atal_Bihari_Vajpayee/Atal_Bihari_Vajpayee_0009.jpg,Atal_Bihari_Vajpayee
image/lfw_onlya/Atal_Bihari_Vajpayee/Atal_Bihari_Vajpayee_0023.jpg,Atal_Bihari_Vajpayee
image/lfw_onlya/Atal_Bihari_Vajpayee/Atal_Bihari_Vajpayee_0022.jpg,Atal_Bihari_Vajpayee
image/lfw_onlya/Atal_Bihari_Vajpayee/Atal_Bihari_Vajpayee_0013.jpg,Atal_Bihari_Vajpayee
image/lfw_onlya/Atal_Bihari_Vajpayee/Atal_Bihari_Vajpayee_0007.jpg,Atal_Bihari_Vajpayee
image/lfw_onlya/Atal_Bihari_Vajpayee/Atal_Bihari_Vajpayee_0006.jpg,Atal_Bihari_Vajpayee
image/lfw_onlya/Atal_Bihari_Vajpayee/Atal_Bihari_Vajpayee_0012.jpg,Atal_Bihari_Vajpayee
image/lfw_onlya/Atal_Bihari_Vajpayee/Atal_Bihari_Vajpayee_0004.jpg,Atal_Bihari_Vajpayee
image/lfw_onlya/Atal_Bihari_Vajpayee/Atal_Bihari_Vajpayee_0010.jpg,Atal_Bihari_Vajpayee
image/lfw_onlya/Atal_Bihari_Vajpayee/Atal_Bihari_Vajpayee_0011.jpg,Atal_Bihari_Vajpayee
image/lfw_onlya/Atal_Bihari_Vajpayee/Atal_Bihari_Vajpayee_0005.jpg,Atal_Bihari_Vajpayee
image/lfw_onlya/Atal_Bihari_Vajpayee/Atal_Bihari_Vajpayee_0001.jpg,Atal_Bihari_Vajpayee
image/lfw_onlya/Atal_Bihari_Vajpayee/Atal_Bihari_Vajpayee_0015.jpg,Atal_Bihari_Vajpayee
image/lfw_onlya/Atal_Bihari_Vajpayee/Atal_Bihari_Vajpayee_0014.jpg,Atal_Bihari_Vajpayee
image/lfw_onlya/Atal_Bihari_Vajpayee/Atal_Bihari_Vajpayee_0016.jpg,Atal_Bihari_Vajpayee
image/lfw_onlya/Atal_Bihari_Vajpayee/Atal_Bihari_Vajpayee_0002.jpg,Atal_Bihari_Vajpayee
image/lfw_onlya/Atal_Bihari_Vajpayee/Atal_Bihari_Vajpayee_0003.jpg,Atal_Bihari_Vajpayee
image/lfw_onlya/Atal_Bihari_Vajpayee/Atal_Bihari_Vajpayee_0017.jpg,Atal_Bihari_Vajpayee
image/lfw_onlya/Arnoldo_Aleman/Arnoldo_Aleman_0001.jpg,Arnoldo_Aleman
image/lfw_onlya/Arnoldo_Aleman/Arnoldo_Aleman_0003.jpg,Arnoldo_Aleman
image/lfw_onlya/Arnoldo_Aleman/Arnoldo_Aleman_0002.jpg,Arnoldo_Aleman
image/lfw_onlya/Arnoldo_Aleman/Arnoldo_Aleman_0005.jpg,Arnoldo_Aleman
image/lfw_onlya/Arnoldo_Aleman/Arnoldo_Aleman_0004.jpg,Arnoldo_Aleman
image/lfw_onlya/Alexander_Losyukov/Alexander_Losyukov_0004.jpg,Alexander_Losyukov
image/lfw_onlya/Alexander_Losyukov/Alexander_Losyukov_0001.jpg,Alexander_Losyukov
image/lfw_onlya/Alexander_Losyukov/Alexander_Losyukov_0002.jpg,Alexander_Losyukov
image/lfw_onlya/Alexander_Losyukov/Alexander_Losyukov_0003.jpg,Alexander_Losyukov
image/lfw_onlya/Anders_Fogh_Rasmussen/Anders_Fogh_Rasmussen_0003.jpg,Anders_Fogh_Rasmussen
image/lfw_onlya/Anders_Fogh_Rasmussen/Anders_Fogh_Rasmussen_0002.jpg,Anders_Fogh_Rasmussen
image/lfw_onlya/Anders_Fogh_Rasmussen/Anders_Fogh_Rasmussen_0001.jpg,Anders_Fogh_Rasmussen
image/lfw_onlya/Anders_Fogh_Rasmussen/Anders_Fogh_Rasmussen_0004.jpg,Anders_Fogh_Rasmussen
image/lfw_onlya/Angelo_Reyes/Angelo_Reyes_0003.jpg,Angelo_Reyes
image/lfw_onlya/Angelo_Reyes/Angelo_Reyes_0002.jpg,Angelo_Reyes
image/lfw_onlya/Angelo_Reyes/Angelo_Reyes_0001.jpg,Angelo_Reyes
image/lfw_onlya/Angelo_Reyes/Angelo_Reyes_0004.jpg,Angelo_Reyes
image/lfw_onlya/Ari_Fleischer/Ari_Fleischer_0009.jpg,Ari_Fleischer
image/lfw_onlya/Ari_Fleischer/Ari_Fleischer_0008.jpg,Ari_Fleischer
image/lfw_onlya/Ari_Fleischer/Ari_Fleischer_0005.jpg,Ari_Fleischer
image/lfw_onlya/Ari_Fleischer/Ari_Fleischer_0011.jpg,Ari_Fleischer
image/lfw_onlya/Ari_Fleischer/Ari_Fleischer_0010.jpg,Ari_Fleischer
image/lfw_onlya/Ari_Fleischer/Ari_Fleischer_0004.jpg,Ari_Fleischer
image/lfw_onlya/Ari_Fleischer/Ari_Fleischer_0012.jpg,Ari_Fleischer
image/lfw_onlya/Ari_Fleischer/Ari_Fleischer_0006.jpg,Ari_Fleischer
image/lfw_onlya/Ari_Fleischer/Ari_Fleischer_0007.jpg,Ari_Fleischer
image/lfw_onlya/Ari_Fleischer/Ari_Fleischer_0013.jpg,Ari_Fleischer
image/lfw_onlya/Ari_Fleischer/Ari_Fleischer_0003.jpg,Ari_Fleischer
image/lfw_onlya/Ari_Fleischer/Ari_Fleischer_0002.jpg,Ari_Fleischer
image/lfw_onlya/Ari_Fleischer/Ari_Fleischer_0001.jpg,Ari_Fleischer
image/lfw_onlya/Augustin_Calleri/Augustin_Calleri_0002.jpg,Augustin_Calleri
image/lfw_onlya/Augustin_Calleri/Augustin_Calleri_0003.jpg,Augustin_Calleri
image/lfw_onlya/Augustin_Calleri/Augustin_Calleri_0001.jpg,Augustin_Calleri
image/lfw_onlya/Augustin_Calleri/Augustin_Calleri_0004.jpg,Augustin_Calleri
image/lfw_onlya/Ai_Sugiyama/Ai_Sugiyama_0004.jpg,Ai_Sugiyama
image/lfw_onlya/Ai_Sugiyama/Ai_Sugiyama_0005.jpg,Ai_Sugiyama
image/lfw_onlya/Ai_Sugiyama/Ai_Sugiyama_0001.jpg,Ai_Sugiyama
image/lfw_onlya/Ai_Sugiyama/Ai_Sugiyama_0002.jpg,Ai_Sugiyama
image/lfw_onlya/Ai_Sugiyama/Ai_Sugiyama_0003.jpg,Ai_Sugiyama